topic,issue_number,title,url,state,labels,assignees,created_at,updated_at,last_seen_at,archived_at,archive_reason,linked_pr_status,difficulty,component,learning_value,fixability,my_status,notes,next_action
attention_kernels,32267,[Feature]: Kernels Attention Test cleanup,https://github.com/vllm-project/vllm/issues/32267,open,feature request,,2026-01-13T15:36:07Z,2026-03-08T13:17:30Z,2026-05-23T16:02:20+00:00,,,unlinked,,,,,new,,
attention_kernels,34910,[Bug]: the embeddings from vllm does not match hugging face sentence-transformer,https://github.com/vllm-project/vllm/issues/34910,open,bug,,2026-02-19T19:27:18Z,2026-03-25T10:33:52Z,2026-05-23T16:02:20+00:00,,,unlinked,,,,,new,,
attention_kernels,35919,[Feature]: FA4 MLA decode,https://github.com/vllm-project/vllm/issues/35919,open,feature request,,2026-03-03T21:54:42Z,2026-05-04T07:08:47Z,2026-05-23T16:02:20+00:00,,,unlinked,,,,,new,,
attention_kernels,36804,[Feature]: FA4 Attention Sinks,https://github.com/vllm-project/vllm/issues/36804,open,feature request,,2026-03-11T16:42:03Z,2026-03-11T16:42:03Z,2026-05-23T16:02:20+00:00,,,unlinked,,,,,new,,
attention_kernels,36843,[Bug]: VLLM 0.17.1 initial mtp with FLASH_ATTN randomly crash,https://github.com/vllm-project/vllm/issues/36843,open,bug,,2026-03-12T03:48:46Z,2026-04-01T09:01:14Z,2026-05-23T16:02:20+00:00,,,unlinked,,,,,new,,
attention_kernels,36922,[Performance]: Flashinfer TRTLLM MoE for Qwen3.5,https://github.com/vllm-project/vllm/issues/36922,open,performance,,2026-03-12T19:48:48Z,2026-03-12T19:59:27Z,2026-05-23T16:02:20+00:00,,,unlinked,,,,,new,,
attention_kernels,37242,[Community] RTX 5090 (Blackwell sm_120) + WSL2 2.7.0: CUDA graphs work — benchmarks + full config,https://github.com/vllm-project/vllm/issues/37242,open,,,2026-03-17T01:02:54Z,2026-04-26T10:54:43Z,2026-05-23T16:02:20+00:00,,,unlinked,,,,,new,,
attention_kernels,37995,[RFC]: Prefill Context Parallel for Qwen3.5 Hybrid Attention,https://github.com/vllm-project/vllm/issues/37995,open,feature request,,2026-03-24T10:57:46Z,2026-03-27T03:51:35Z,2026-05-23T16:02:20+00:00,,,unlinked,,,,,new,,
attention_kernels,38694,[RFC]: O(1) KV Cache for vLLM: 4.8x Speedup & 22x More Accurate than TurboQuant on Qwen2.5-7B,https://github.com/vllm-project/vllm/issues/38694,open,feature request,,2026-04-01T05:47:56Z,2026-04-15T12:26:47Z,2026-05-23T16:02:20+00:00,,,unlinked,,,,,new,,
attention_kernels,38725,[Proposal] Topology-Aware KV Cache Compression for Memory-Efficient Inference,https://github.com/vllm-project/vllm/issues/38725,open,performance,,2026-04-01T14:20:23Z,2026-04-07T18:13:05Z,2026-05-23T16:02:20+00:00,,,unlinked,,,,,new,,
attention_kernels,38916,[Bug]: Qwen3.5 Inference TimeoutError with flashinfer gdn backend,https://github.com/vllm-project/vllm/issues/38916,open,bug,,2026-04-03T14:50:17Z,2026-05-15T07:00:07Z,2026-05-23T16:02:20+00:00,,,unlinked,,,,,new,,
attention_kernels,39193,[Feature]: Tri-attention merge?,https://github.com/vllm-project/vllm/issues/39193,open,feature request,,2026-04-07T14:03:55Z,2026-04-07T14:03:55Z,2026-05-23T16:02:20+00:00,,,unlinked,,,,,new,,
attention_kernels,39308,[Performance] DSV3.2 Indexer: Overlap indexer op || q_b_proj + MLA RoPE on separate CUDA streams,https://github.com/vllm-project/vllm/issues/39308,open,performance,,2026-04-08T14:36:04Z,2026-04-08T15:28:10Z,2026-05-23T16:02:20+00:00,,,unlinked,,,,,new,,
attention_kernels,39416,[Feature] Phase-aware KV cache quantization for reasoning models (58% distortion reduction measured),https://github.com/vllm-project/vllm/issues/39416,open,feature request,,2026-04-09T12:57:54Z,2026-04-09T12:57:54Z,2026-05-23T16:02:20+00:00,,,unlinked,,,,,new,,
attention_kernels,39722,Gibberish with flashinfer_nvlink_two_sided on GB200/arm64,https://github.com/vllm-project/vllm/issues/39722,open,,,2026-04-13T17:14:40Z,2026-04-13T17:20:32Z,2026-05-23T16:02:20+00:00,,,unlinked,,,,,new,,
attention_kernels,39954,Guided vLLM install mission in KubeStellar Console,https://github.com/vllm-project/vllm/issues/39954,open,,,2026-04-16T00:04:07Z,2026-04-23T07:23:25Z,2026-05-23T16:02:20+00:00,,,unlinked,,,,,new,,
attention_kernels,40260,[Bug]: Incompatible dimension when using Mistral Small 4,https://github.com/vllm-project/vllm/issues/40260,open,bug,,2026-04-18T19:15:58Z,2026-04-28T01:08:47Z,2026-05-23T16:02:20+00:00,,,unlinked,,,,,new,,
attention_kernels,40544,[Feature]: Integrate fused `kMoEFinalizeARResidualRMSNorm` from FlashInfer,https://github.com/vllm-project/vllm/issues/40544,open,"help wanted, feature request",,2026-04-21T19:22:16Z,2026-04-22T22:45:55Z,2026-05-23T16:02:20+00:00,,,unlinked,,,,,new,,
attention_kernels,40742,[Bug]: CUDA graph capture crashes during startup due to Inductor autotuning torch.cuda.synchronize() inside graph capture (FULL_DECODE_ONLY + MLA + FP8) when PDL is enabled,https://github.com/vllm-project/vllm/issues/40742,open,torch.compile,,2026-04-23T21:43:42Z,2026-04-24T01:28:52Z,2026-05-23T16:02:20+00:00,,,unlinked,,,,,new,,
attention_kernels,40901,[Installation]:  ERROR: Failed building wheel for vllm,https://github.com/vllm-project/vllm/issues/40901,open,installation,,2026-04-26T05:25:15Z,2026-05-05T14:15:20Z,2026-05-23T16:02:20+00:00,,,unlinked,,,,,new,,
attention_kernels,41525,[Bug]: the A800 architecture cannot start the glm5.1 model.,https://github.com/vllm-project/vllm/issues/41525,open,bug,,2026-05-03T01:06:56Z,2026-05-05T09:32:27Z,2026-05-23T16:02:20+00:00,,,unlinked,,,,,new,,
attention_kernels,41623,[Bug]: Decode Context Parallelism (`--decode-context-parallel-size`) output drift and gibberish in v0.21.0 and latest nightly,https://github.com/vllm-project/vllm/issues/41623,open,bug,,2026-05-04T10:57:26Z,2026-05-17T10:31:51Z,2026-05-23T16:02:20+00:00,,,unlinked,,,,,new,,
attention_kernels,41641,[New Model]: minicpm-sala,https://github.com/vllm-project/vllm/issues/41641,open,,,2026-05-04T15:19:34Z,2026-05-05T13:10:54Z,2026-05-23T16:02:20+00:00,,,unlinked,,,,,new,,
attention_kernels,41650,📝 Integration Proposal: CAJAL — Scientific Paper Model Serving,https://github.com/vllm-project/vllm/issues/41650,open,,,2026-05-04T16:18:38Z,2026-05-04T16:18:38Z,2026-05-23T16:02:20+00:00,,,unlinked,,,,,new,,
attention_kernels,41724,[Feature]: [IR] mm_encoder_attn migration on hold pending FlashInfer workspace support,https://github.com/vllm-project/vllm/issues/41724,open,feature request,,2026-05-05T10:37:11Z,2026-05-05T11:03:10Z,2026-05-23T16:02:20+00:00,,,unlinked,,,,,new,,
attention_kernels,41860,[Bug]: NIXL Disagg Does Not Support GDN Attention (Qwen3.5 Hybrid),https://github.com/vllm-project/vllm/issues/41860,open,bug,,2026-05-06T19:33:41Z,2026-05-06T22:09:28Z,2026-05-23T16:02:20+00:00,,,unlinked,,,,,new,,
attention_kernels,41865,[Bug]: FlashInfer GDN JIT Compilation Causes Multi-Worker Deadlock,https://github.com/vllm-project/vllm/issues/41865,open,bug,,2026-05-06T19:55:42Z,2026-05-07T04:11:49Z,2026-05-23T16:02:20+00:00,,,unlinked,,,,,new,,
attention_kernels,42291,"[Bug]: FlashInfer JIT compilation fails with ""No such file or directory"" in v0.20.1/v0.20.2  (docker)",https://github.com/vllm-project/vllm/issues/42291,open,bug,,2026-05-11T07:58:22Z,2026-05-11T10:59:21Z,2026-05-23T16:02:20+00:00,,,unlinked,,,,,new,,
attention_kernels,42319,[Feature]: Add sink to MLA attention,https://github.com/vllm-project/vllm/issues/42319,open,feature request,,2026-05-11T12:30:57Z,2026-05-11T12:31:16Z,2026-05-23T16:02:20+00:00,,,unlinked,,,,,new,,
attention_kernels,42393,[Installation]: RuntimeError: FlashInfer requires GPUs with sm75 or higher when running vllm server,https://github.com/vllm-project/vllm/issues/42393,open,installation,,2026-05-12T08:24:38Z,2026-05-12T09:07:05Z,2026-05-23T16:02:20+00:00,,,unlinked,,,,,new,,
attention_kernels,42419,[RFC]: [V1][Attention] Add an experimental training-free sparse prefill attention backend for long-context workloads (vLLM 0.19.1),https://github.com/vllm-project/vllm/issues/42419,open,RFC,,2026-05-12T12:27:26Z,2026-05-12T12:27:26Z,2026-05-23T16:02:20+00:00,,,unlinked,,,,,new,,
attention_kernels,42659,[RFC]: Per-Layer Parallelism Policy,https://github.com/vllm-project/vllm/issues/42659,open,feature request,,2026-05-14T16:25:43Z,2026-05-14T17:05:20Z,2026-05-23T16:02:20+00:00,,,linked_partial,,,,,new,,
attention_kernels,42906,"[Bug]: vllm-openai:v0.19.1-cu130 / v0.16.0-cu130 docker images bundle pre-fix flashinfer (≤ 0.6.6), causing CUDA IMA on MoE FP8 decode",https://github.com/vllm-project/vllm/issues/42906,open,bug,,2026-05-18T00:17:24Z,2026-05-18T00:17:24Z,2026-05-23T16:02:20+00:00,,,unlinked,,,,,new,,
attention_kernels,43080,[Bug]: vLLM 0.21: DeepSeek-V4-pro crashes with tensor size mismatch & CUBLAS error during PP+TP inference on 2x8 H800,https://github.com/vllm-project/vllm/issues/43080,open,bug,,2026-05-19T10:08:19Z,2026-05-19T10:09:07Z,2026-05-23T16:02:20+00:00,,,unlinked,,,,,new,,
attention_kernels,43089,[Feature]: Integrate FlashQLA for fast linear attention,https://github.com/vllm-project/vllm/issues/43089,open,feature request,,2026-05-19T11:26:15Z,2026-05-20T09:12:21Z,2026-05-23T16:02:20+00:00,,,unlinked,,,,,new,,
attention_kernels,43235,[RFC] NSA is architecturally incompatible with NVIDIA consumer/workstation GPUs — MLA is the only viable sparse attention path,https://github.com/vllm-project/vllm/issues/43235,open,RFC,,2026-05-20T18:30:05Z,2026-05-20T18:30:05Z,2026-05-23T16:02:20+00:00,,,unlinked,,,,,new,,
attention_kernels,43315,[Bug]: b12x NSA+MTP speculative decoding hangs on PCIe TP=8 — NCCL topology-aware scheduling fix,https://github.com/vllm-project/vllm/issues/43315,open,bug,,2026-05-21T12:34:21Z,2026-05-21T16:19:37Z,2026-05-23T16:02:20+00:00,,,unlinked,,,,,new,,
attention_kernels,43323,[Feature]: Performance Tiers: Apple-style hardware requirements for stable inference,https://github.com/vllm-project/vllm/issues/43323,open,feature request,,2026-05-21T14:08:04Z,2026-05-21T14:08:04Z,2026-05-23T16:02:20+00:00,,,unlinked,,,,,new,,
distributed_pd,25870,[Bug]: gpt-oss-120b failed with data-parallel-size >1,https://github.com/vllm-project/vllm/issues/25870,open,"bug, unstale",,2025-09-29T09:36:08Z,2026-02-28T02:16:41Z,2026-05-23T16:02:20+00:00,,,unlinked,,,,,new,,
distributed_pd,30501,[Bug]/[Feature]:NIXL Disaggregated Serving Fails with Pipeline Parallelism (PP > 1),https://github.com/vllm-project/vllm/issues/30501,open,bug,,2025-12-11T17:16:02Z,2026-03-31T06:37:57Z,2026-05-23T16:02:20+00:00,,,unlinked,,,,,new,,
distributed_pd,32733,[RFC]: [P/D] Prefill compute optimizations with bi-directional KV cache transfers between P and D nodes,https://github.com/vllm-project/vllm/issues/32733,open,RFC,,2026-01-20T22:27:13Z,2026-04-30T12:53:33Z,2026-05-23T16:02:20+00:00,,,unlinked,,,,,new,,
distributed_pd,36923,[RFC]: [KV Connector]: Support KV push from Prefill to Decode node using Nixl Connector,https://github.com/vllm-project/vllm/issues/36923,open,RFC,,2026-03-12T19:49:33Z,2026-05-21T13:16:28Z,2026-05-23T16:02:20+00:00,,,linked_partial,,,,,new,,
distributed_pd,37263,[RFC]: Hotness-aware multi-level KV cache management to accelerate dynamic sparse attention,https://github.com/vllm-project/vllm/issues/37263,open,RFC,,2026-03-17T07:32:11Z,2026-03-19T07:38:29Z,2026-05-23T16:02:20+00:00,,,unlinked,,,,,new,,
distributed_pd,37437,[Usage]: How to use the vLLM framework to perform inference testing with Prefill-Decode (PD) Separation for the DeepSeek-R1 NVFP4 model across multiple GB300 server nodes (N Prefill nodes + M Decode nodes)?,https://github.com/vllm-project/vllm/issues/37437,open,usage,,2026-03-18T13:42:34Z,2026-03-18T13:42:34Z,2026-05-23T16:02:20+00:00,,,unlinked,,,,,new,,
distributed_pd,37623,[Bug]: Qwen3.5-122B-A10B-FP8 multi GPU issue(tensor-parallel-size),https://github.com/vllm-project/vllm/issues/37623,open,bug,,2026-03-20T01:06:28Z,2026-03-20T01:34:28Z,2026-05-23T16:02:20+00:00,,,unlinked,,,,,new,,
distributed_pd,38258,[Usage]: How to do offline inference on one rank in a distributed environment?,https://github.com/vllm-project/vllm/issues/38258,open,usage,,2026-03-26T16:43:18Z,2026-03-26T17:09:58Z,2026-05-23T16:02:20+00:00,,,unlinked,,,,,new,,
distributed_pd,38710,[Bug]: heterogeneous disaggregated serving XPU (Prefill) + CPU (Decode) accuracy issue,https://github.com/vllm-project/vllm/issues/38710,open,bug,,2026-04-01T09:49:54Z,2026-04-02T02:41:40Z,2026-05-23T16:02:20+00:00,,,unlinked,,,,,new,,
distributed_pd,38840,fix(nixl): Handshake race when same-node workers re-register with new engine IDs,https://github.com/vllm-project/vllm/issues/38840,open,,,2026-04-02T19:26:27Z,2026-04-02T19:26:27Z,2026-05-23T16:02:20+00:00,,,unlinked,,,,,new,,
distributed_pd,38923,[Feature]: Built-in request multiplexer to let `vllm serve` use all available GPUs without external proxies,https://github.com/vllm-project/vllm/issues/38923,open,feature request,,2026-04-03T16:30:26Z,2026-04-03T16:30:26Z,2026-05-23T16:02:20+00:00,,,unlinked,,,,,new,,
distributed_pd,39015,"[Bug]: torch.distributed.DistNetworkError: The server socket has failed to listen on any local network address. port: 29500, useIpv6: false, code: -98, name: EADDRINUSE, message: address already in use",https://github.com/vllm-project/vllm/issues/39015,open,bug,,2026-04-05T05:17:49Z,2026-04-23T01:45:27Z,2026-05-23T16:02:20+00:00,,,unlinked,,,,,new,,
distributed_pd,39396,[Usage]: Run:ai S3 streamer crashing when loading model from an S3 compatible object storage,https://github.com/vllm-project/vllm/issues/39396,open,usage,,2026-04-09T08:07:29Z,2026-04-15T17:22:36Z,2026-05-23T16:02:20+00:00,,,unlinked,,,,,new,,
distributed_pd,39647,[RFC]: support n sampling requests to eliminate redundant prefill computation and memory,https://github.com/vllm-project/vllm/issues/39647,open,RFC,,2026-04-12T18:58:41Z,2026-04-12T18:58:41Z,2026-05-23T16:02:20+00:00,,,unlinked,,,,,new,,
distributed_pd,39685,[Bug]: # vLLM v0.19.0 - WorkerProc initialization failed with Tensor Parallelism,https://github.com/vllm-project/vllm/issues/39685,open,bug,,2026-04-13T08:26:03Z,2026-04-19T15:48:56Z,2026-05-23T16:02:20+00:00,,,unlinked,,,,,triage,,
distributed_pd,39774,"[Bug]: Inference qwen3.5 with tensor-parallel-size>1, RuntimeError: NCCL error: unhandled system error",https://github.com/vllm-project/vllm/issues/39774,open,bug,,2026-04-14T05:59:39Z,2026-04-27T13:33:10Z,2026-05-23T16:02:20+00:00,,,unlinked,,,,,new,,
distributed_pd,39900,[Bug]: Ray Compiled DAG PP channel crashes with AssertionError on concurrent requests (>=2),https://github.com/vllm-project/vllm/issues/39900,open,bug,,2026-04-15T12:05:08Z,2026-04-15T12:05:08Z,2026-05-23T16:02:20+00:00,,,unlinked,,,,,new,,
distributed_pd,41725,"Recurring CUDA kernel hang on 2x DGX Spark (GB10, sm_12.1) with MiniMax-M2.7-NVFP4, TP=2 across 2 nodes",https://github.com/vllm-project/vllm/issues/41725,open,,,2026-05-05T11:19:02Z,2026-05-10T22:38:09Z,2026-05-23T16:02:20+00:00,,,unlinked,,,,,new,,
distributed_pd,41814,"NixlConnector hardcodes backends=[""UCX""] default; no env-var override path; LIBFABRIC/EFA operators must discover kv_connector_extra_config.backends from source",https://github.com/vllm-project/vllm/issues/41814,open,,,2026-05-06T11:39:22Z,2026-05-08T02:59:37Z,2026-05-23T16:02:20+00:00,,,unlinked,,,,,new,,
distributed_pd,42354,[Bug]: Distributed inference hanging on a 2 node DGX spark cluster with Mistral 3.5 Medium 128B with TP=2,https://github.com/vllm-project/vllm/issues/42354,open,bug,,2026-05-11T23:48:52Z,2026-05-11T23:50:17Z,2026-05-23T16:02:20+00:00,,,unlinked,,,,,new,,
distributed_pd,42515,[RFC]: External Elastic EP Scaling,https://github.com/vllm-project/vllm/issues/42515,open,RFC,,2026-05-13T09:38:00Z,2026-05-19T03:18:56Z,2026-05-23T16:02:20+00:00,,,linked_partial,,,,,new,,
distributed_pd,43094,[Bug][PD] Bidirectional KV transfer produces incorrect results when reasoning traces are stripped between turns,https://github.com/vllm-project/vllm/issues/43094,open,bug,,2026-05-19T11:52:30Z,2026-05-20T00:52:29Z,2026-05-23T16:02:20+00:00,,,unlinked,,,,,new,,
distributed_pd,43470,[Feature]: [RFC] Bottleneck-aware expansion for PD disaggregation,https://github.com/vllm-project/vllm/issues/43470,open,feature request,,2026-05-23T04:42:13Z,2026-05-23T14:04:11Z,2026-05-23T16:02:20+00:00,,,unlinked,,,,,new,,
hardware_b200_b300,27222,[Performance][Qwen3-next] Decrease huge CPU overhead,https://github.com/vllm-project/vllm/issues/27222,open,"performance, unstale",,2025-10-20T20:22:29Z,2026-05-21T12:37:27Z,2026-05-23T16:02:20+00:00,,,unlinked,,,,,new,,
hardware_b200_b300,28707,[Bug]: run fail in nvidia b300,https://github.com/vllm-project/vllm/issues/28707,open,"bug, unstale",,2025-11-14T06:43:32Z,2026-03-11T02:15:24Z,2026-05-23T16:02:20+00:00,,,unlinked,,,,,new,,
hardware_b200_b300,30758,[Tracking Issue][Performance] GPT-OSS B200/GB200 performance optimization tracker,https://github.com/vllm-project/vllm/issues/30758,open,performance,,2025-12-16T08:26:57Z,2026-03-31T11:56:10Z,2026-05-23T16:02:20+00:00,,,unlinked,,,,,new,,
hardware_b200_b300,31394,[Bug]: accuracy issue with VLLM_USE_FLASHINFER_MOE_FP8=1 for Qwen3-Coder-480B-A35B-Instruct-FP8,https://github.com/vllm-project/vllm/issues/31394,open,bug,,2025-12-26T17:42:01Z,2026-03-23T19:28:03Z,2026-05-23T16:02:20+00:00,,,unlinked,,,,,new,,
hardware_b200_b300,32653,[Usage]: CPU offload still results in out of VRAM error (Unsloth's DeepSeek R1),https://github.com/vllm-project/vllm/issues/32653,open,usage,,2026-01-20T08:51:17Z,2026-05-11T00:48:14Z,2026-05-23T16:02:20+00:00,,,unlinked,,,,,new,,
hardware_b200_b300,33583,[Performance]: Optimize DeepSeekR1 Throughput on Blackwell,https://github.com/vllm-project/vllm/issues/33583,open,performance,,2026-02-02T19:38:24Z,2026-03-13T10:07:35Z,2026-05-23T16:02:20+00:00,,,unlinked,,,,,new,,
hardware_b200_b300,34133,"[Bug]: Mistral Large 3 (NVFP4) hangs on initialization - 8x B300 (Blackwell) - ""Waiting for core engine""",https://github.com/vllm-project/vllm/issues/34133,open,bug,,2026-02-09T11:41:53Z,2026-03-02T10:30:01Z,2026-05-23T16:02:20+00:00,,,unlinked,,,,,new,,
hardware_b200_b300,35154,[Performance]: Optimized Deployment Recipe for Qwen3.5,https://github.com/vllm-project/vllm/issues/35154,open,performance,,2026-02-23T23:58:48Z,2026-02-23T23:58:48Z,2026-05-23T16:02:20+00:00,,,unlinked,,,,,new,,
hardware_b200_b300,35381,[Bug]: Not able to run Qwen3-8B-NVFP4 on B200,https://github.com/vllm-project/vllm/issues/35381,open,bug,,2026-02-26T07:46:35Z,2026-02-26T07:46:35Z,2026-05-23T16:02:20+00:00,,,unlinked,,,,,new,,
hardware_b200_b300,37890,[Bug]: NaNs in vLLM using DeepSeek-R1-0528-NVFP4-v2,https://github.com/vllm-project/vllm/issues/37890,open,bug,,2026-03-23T13:31:14Z,2026-04-02T21:17:45Z,2026-05-23T16:02:20+00:00,,,unlinked,,,,,new,,
hardware_b200_b300,38550,[Bug]: can't start b200x2 or b200x4 sm100 with nvidia/Qwen3.5-397B-A17B-NVFP4,https://github.com/vllm-project/vllm/issues/38550,open,bug,,2026-03-30T13:31:15Z,2026-04-21T12:33:49Z,2026-05-23T16:02:20+00:00,,,unlinked,,,,,new,,
hardware_b200_b300,38991,"[Bug]: runai_safetensors_weights_iterator yields tensors in nondeterministic order, breaking FP8 inference on some platforms",https://github.com/vllm-project/vllm/issues/38991,open,,,2026-04-04T18:37:35Z,2026-04-05T13:01:24Z,2026-05-23T16:02:20+00:00,,,unlinked,,,,,triage,,
hardware_b200_b300,39288,[Bug]: FlashInfer CUTLASS MoE backend causes CUDA illegal memory access on H100 during CUDA graph capture (Qwen3-Next-80B BF16),https://github.com/vllm-project/vllm/issues/39288,open,,,2026-04-08T09:47:17Z,2026-04-12T01:31:04Z,2026-05-23T16:02:20+00:00,,,unlinked,,,,,triage,,
hardware_b200_b300,39371,DSA module construction corrupts CUDA RNG state (Offset increment outside graph capture),https://github.com/vllm-project/vllm/issues/39371,open,,,2026-04-09T00:48:27Z,2026-04-09T00:48:27Z,2026-05-23T16:02:20+00:00,,,unlinked,,,,,triage,,
hardware_b200_b300,39441,[Bug]: spec decode tests fail on nightly b200 job,https://github.com/vllm-project/vllm/issues/39441,open,bug,,2026-04-09T18:56:34Z,2026-04-09T22:06:48Z,2026-05-23T16:02:20+00:00,,,unlinked,,,,,new,,
hardware_b200_b300,39620,[Bug]: TRT-LLM FP8 MoE kernel crash on B300 - launchHistogramScoresKernel CUDA error,https://github.com/vllm-project/vllm/issues/39620,open,bug,,2026-04-12T11:03:58Z,2026-04-14T03:05:26Z,2026-05-23T16:02:20+00:00,,,unlinked,,,,,new,,
hardware_b200_b300,39662,Dynamic FP8 on Blackwell B200 with LoRA-merged model produces non-deterministic degenerate output,https://github.com/vllm-project/vllm/issues/39662,open,,,2026-04-13T03:25:35Z,2026-04-13T03:25:35Z,2026-05-23T16:02:20+00:00,,,unlinked,,,,,triage,,
hardware_b200_b300,40350,"[Bug]: Qwen3.5-397B-A17B-NVFP4 engine hangs (Running≥1, 0 tok/s) under high concurrency on Blackwell GPUs",https://github.com/vllm-project/vllm/issues/40350,open,bug,,2026-04-20T12:03:59Z,2026-05-08T11:38:30Z,2026-05-23T16:02:20+00:00,,,unlinked,,,,,new,,
hardware_b200_b300,40604,[Bug]: DeepSeek-R1 hang on 8xB200 after NCCL Initialization,https://github.com/vllm-project/vllm/issues/40604,open,bug,,2026-04-22T09:49:03Z,2026-04-22T10:01:20Z,2026-05-23T16:02:20+00:00,,,unlinked,,,,,new,,
hardware_b200_b300,40642,"KimiK25ForConditionalGeneration failed to be inspected — SIGSEGV in registry subprocess during process exit
  (GB200)",https://github.com/vllm-project/vllm/issues/40642,open,,,2026-04-22T18:57:33Z,2026-04-22T18:58:18Z,2026-05-23T16:02:20+00:00,,,unlinked,,,,,new,,
hardware_b200_b300,41682,[Bug]: Pipeline Parallelism scheduler does not split sequences into pipeline micro-batches,https://github.com/vllm-project/vllm/issues/41682,open,bug,,2026-05-04T23:39:32Z,2026-05-10T02:50:04Z,2026-05-23T16:02:20+00:00,,,unlinked,,,,,new,,
hardware_b200_b300,41685,"[RFC]: Long-context-optimized Pipeline Parallelism, CPP + Async P2P + Dynamic Chunking",https://github.com/vllm-project/vllm/issues/41685,open,bug,,2026-05-05T00:06:48Z,2026-05-19T16:28:12Z,2026-05-23T16:02:20+00:00,,,unlinked,,,,,new,,
hardware_b200_b300,41687,[Bug]: DeepEP MoE all-to-all backend integration is unusable on Blackwell (SM103 / GB300),https://github.com/vllm-project/vllm/issues/41687,open,bug,,2026-05-05T00:59:25Z,2026-05-05T00:59:25Z,2026-05-23T16:02:20+00:00,,,unlinked,,,,,new,,
hardware_b200_b300,42186,[Bug][flashinfer 0.6.8]: worker hang on Qwen3.5-397B-A17B-NVFP4 EP=8 (B200 SM100) - bisected to flashinfer-python 0.6.7 → 0.6.8.post1,https://github.com/vllm-project/vllm/issues/42186,open,bug,,2026-05-09T21:47:17Z,2026-05-17T22:26:58Z,2026-05-23T16:02:20+00:00,,,unlinked,,,,,new,,
hardware_b200_b300,42335,[CI Failure]: e2e scheduling (1 GPU),https://github.com/vllm-project/vllm/issues/42335,open,ci-failure,,2026-05-11T17:46:35Z,2026-05-11T17:57:17Z,2026-05-23T16:02:20+00:00,,,unlinked,,,,,new,,
hardware_b200_b300,42426,"[Bug]: Kimi-K2.6 intermittently outputs only ""!!!!!!!!!!"" in reasoning field with content null",https://github.com/vllm-project/vllm/issues/42426,open,bug,,2026-05-12T13:31:55Z,2026-05-22T02:37:43Z,2026-05-23T16:02:20+00:00,,,unlinked,,,,,new,,
hardware_b200_b300,42895,[Bug]: NIXL disagg fails for Qwen3.5 hybrid model when prefill TP4 and decode DP8 use different physical block sizes,https://github.com/vllm-project/vllm/issues/42895,open,bug,,2026-05-17T19:17:33Z,2026-05-18T22:02:14Z,2026-05-23T16:02:20+00:00,,,unlinked,,,,,new,,
hardware_b200_b300,42898,"[Bug]: Poor Qwen3.5 NVFP4 disagg GSM8K accuracy with 2p1d (2xTEP8 prefill, 1xDEP8 decode)",https://github.com/vllm-project/vllm/issues/42898,open,bug,,2026-05-17T21:20:13Z,2026-05-18T22:35:06Z,2026-05-23T16:02:20+00:00,,,unlinked,,,,,new,,
hardware_b200_b300,43347,[CI Failure]: Spec Decode Draft Mode and Spec Decode Draft Model Nightly B200 failing with low match ratio,https://github.com/vllm-project/vllm/issues/43347,open,ci-failure,,2026-05-21T18:21:29Z,2026-05-21T18:21:29Z,2026-05-23T16:02:20+00:00,,,unlinked,,,,,new,,
hardware_b200_b300,43390,[Bug]: integer overflow in fused_add_rms_norm,https://github.com/vllm-project/vllm/issues/43390,open,bug,,2026-05-22T04:13:00Z,2026-05-22T14:45:07Z,2026-05-23T16:02:20+00:00,,,unlinked,,,,,new,,
hardware_b200_b300,43457,[deepseek_v4 / DeepGEMM] paged_mqa_logits kernel asserts on next_n=3 → num_speculative_tokens capped at 1 on Hopper,https://github.com/vllm-project/vllm/issues/43457,open,,,2026-05-23T00:01:18Z,2026-05-23T13:14:03Z,2026-05-23T16:02:20+00:00,,,unlinked,,,,,new,,
hardware_b200_b300,43475,[Feature]: Add SpectralQuant KV Cache Compression (builds on TurboQuant #38479),https://github.com/vllm-project/vllm/issues/43475,open,feature request,,2026-05-23T09:10:03Z,2026-05-23T13:14:55Z,2026-05-23T16:02:20+00:00,,,unlinked,,,,,new,,
kv_cache,19854,[RFC]: KV cache offloading,https://github.com/vllm-project/vllm/issues/19854,open,"RFC, keep-open",,2025-06-19T10:52:43Z,2026-04-17T15:05:06Z,2026-05-23T16:02:20+00:00,,,unlinked,,,,,new,,
kv_cache,25874,[Feature]: Enable Automatic Prefix Caching for Qwen3-Next (hybrid attention),https://github.com/vllm-project/vllm/issues/25874,open,feature request,,2025-09-29T10:29:13Z,2026-05-05T12:13:07Z,2026-05-23T16:02:20+00:00,,,unlinked,,,,,new,,
kv_cache,33263,[Feature]: Prevent overallocation of kv-cache,https://github.com/vllm-project/vllm/issues/33263,open,"feature request, unstale",,2026-01-28T15:21:23Z,2026-05-23T02:18:25Z,2026-05-23T16:02:20+00:00,,,unlinked,,,,,new,,
kv_cache,33398,[RFC]: Layerwise KV cache offloading to support longer sequence length,https://github.com/vllm-project/vllm/issues/33398,open,"RFC, unstale",,2026-01-30T08:18:32Z,2026-05-22T02:19:35Z,2026-05-23T16:02:20+00:00,,,unlinked,,,,,new,,
kv_cache,33980,[RFC]: Sparse attention KV cache offloading to support longer sequence length,https://github.com/vllm-project/vllm/issues/33980,open,RFC,,2026-02-06T09:09:06Z,2026-04-17T09:14:24Z,2026-05-23T16:02:20+00:00,,,unlinked,,,,,new,,
kv_cache,36441,[Bug]: prefix cache bug happens when use w4a16 for GLM5,https://github.com/vllm-project/vllm/issues/36441,open,bug,,2026-03-09T03:43:18Z,2026-03-09T04:56:48Z,2026-05-23T16:02:20+00:00,,,unlinked,,,,,new,,
kv_cache,37003,[RFC]: Context-Aware KV-Cache Retention API (Prioritized Evictions),https://github.com/vllm-project/vllm/issues/37003,open,RFC,,2026-03-13T19:05:08Z,2026-05-18T13:25:26Z,2026-05-23T16:02:20+00:00,,,linked_partial,,,,,new,,
kv_cache,38182,"[Bug]: Based on Qwen3.5-35B-A3B, why does enabling MTP speculative decoding actually reduce the prefix cache hit rate?",https://github.com/vllm-project/vllm/issues/38182,open,bug,,2026-03-26T03:32:18Z,2026-05-20T16:00:41Z,2026-05-23T16:02:20+00:00,,,unlinked,,,,,new,,
kv_cache,38194,[Performance]: Prefix cache hit lower on vLLM than on other inference stacks,https://github.com/vllm-project/vllm/issues/38194,open,performance,,2026-03-26T06:23:03Z,2026-03-26T06:29:06Z,2026-05-23T16:02:20+00:00,,,unlinked,,,,,new,,
kv_cache,38718,[Bug]: NVFP4 MoE produces garbage output on SM120 (RTX 5080) with CPU Weight Offloading — Nemotron-Cascade-2-30B-A3B,https://github.com/vllm-project/vllm/issues/38718,open,,,2026-04-01T12:13:41Z,2026-04-02T00:52:25Z,2026-05-23T16:02:20+00:00,,,unlinked,,,,,new,,
kv_cache,38988,[Performance]: Qwen 3.5 27B Prefix Caching,https://github.com/vllm-project/vllm/issues/38988,open,performance,,2026-04-04T17:00:25Z,2026-05-13T08:09:46Z,2026-05-23T16:02:20+00:00,,,unlinked,,,,,new,,
kv_cache,39389,[Bug]: V1 engine prefix caching was causing non-deterministic outputs during greedy decoding T=0,https://github.com/vllm-project/vllm/issues/39389,open,bug,,2026-04-09T05:42:35Z,2026-04-09T13:39:12Z,2026-05-23T16:02:20+00:00,,,unlinked,,,,,new,,
kv_cache,40017,[Tracking Issue]: NIXL P/D Disaggregation for Hybrid Models,https://github.com/vllm-project/vllm/issues/40017,open,,,2026-04-16T13:17:15Z,2026-05-14T20:55:48Z,2026-05-23T16:02:20+00:00,,,unlinked,,,,,new,,
kv_cache,40244,[RFC]: Add API to restore free_block_queue allocation order for long-running RLHF / rollout sessions,https://github.com/vllm-project/vllm/issues/40244,open,RFC,,2026-04-18T10:43:22Z,2026-05-11T06:47:40Z,2026-05-23T16:02:20+00:00,,,unlinked,,,,,new,,
kv_cache,40268,[Feature]: KV Cache Eviction support ARC,https://github.com/vllm-project/vllm/issues/40268,open,feature request,,2026-04-19T04:30:13Z,2026-04-19T15:51:12Z,2026-05-23T16:02:20+00:00,,,unlinked,,,,,new,,
kv_cache,40417,[Bug]: `token_capacity_kv_cache_groups` (#40384) should also exclude `SlidingWindowSpec` / `ChunkedLocalAttentionSpec`,https://github.com/vllm-project/vllm/issues/40417,open,,,2026-04-21T00:10:23Z,2026-04-21T14:36:29Z,2026-05-23T16:02:20+00:00,,,unlinked,,,,,new,,
kv_cache,40585,[Bug]: qwen3.5 can not use --decode-context-parallel-size with --enable-prefix-caching,https://github.com/vllm-project/vllm/issues/40585,open,bug,,2026-04-22T05:03:41Z,2026-04-22T05:03:41Z,2026-05-23T16:02:20+00:00,,,unlinked,,,,,new,,
kv_cache,40621,[Bug]: Qwen/Qwen3.6-27B - Batch Inference still not working in vllm 0.19.1,https://github.com/vllm-project/vllm/issues/40621,open,bug,,2026-04-22T13:56:10Z,2026-04-30T10:12:46Z,2026-05-23T16:02:20+00:00,,,unlinked,,,,,new,,
kv_cache,40692,[Bug]: RoutedExpertsCapturer host buffer undersized for hybrid models with multiple KV cache groups,https://github.com/vllm-project/vllm/issues/40692,open,,,2026-04-23T08:35:50Z,2026-04-23T08:42:04Z,2026-05-23T16:02:20+00:00,,,unlinked,,,,,new,,
kv_cache,40696,[Feature]: Prefix caching completely ineffective for Mamba-hybrid models (Qwen3.5) when prompt < block_size (528 tokens),https://github.com/vllm-project/vllm/issues/40696,open,feature request,,2026-04-23T09:28:47Z,2026-04-23T15:17:36Z,2026-05-23T16:02:20+00:00,,,unlinked,,,,,new,,
kv_cache,40736,[Bug]: GDN-based models (Qwen3.5/3.6 family) crash on the second request when running on multi-GPU XPU with prefix caching enabled,https://github.com/vllm-project/vllm/issues/40736,open,bug,,2026-04-23T20:49:48Z,2026-05-05T10:21:08Z,2026-05-23T16:02:20+00:00,,,unlinked,,,,,new,,
kv_cache,40896,[Bug]:  vLLM v1 with prefix caching: first request differs from subsequent identical requests at temperature=0,https://github.com/vllm-project/vllm/issues/40896,open,bug,,2026-04-26T02:33:34Z,2026-05-10T17:34:54Z,2026-05-23T16:02:20+00:00,,,unlinked,,,,,new,,
kv_cache,41515,[Bug]:  [kv_offload+HMA] Fails on chat subsequent request,https://github.com/vllm-project/vllm/issues/41515,open,bug,,2026-05-02T18:30:33Z,2026-05-21T22:11:55Z,2026-05-23T16:02:20+00:00,,,unlinked,,,,,new,,
kv_cache,41535,RFC: Memory-backend interface for KV cache hot paths and attention decode,https://github.com/vllm-project/vllm/issues/41535,open,RFC,,2026-05-03T04:54:47Z,2026-05-03T04:54:47Z,2026-05-23T16:02:20+00:00,,,unlinked,,,,,new,,
kv_cache,41788,[Feature]: Add request-level OTel span attribute for cached prefix-cache input tokens,https://github.com/vllm-project/vllm/issues/41788,open,feature request,,2026-05-06T06:28:35Z,2026-05-06T06:28:35Z,2026-05-23T16:02:20+00:00,,,unlinked,,,,,new,,
kv_cache,41884,[Bug][V1][Hybrid] IndexError in get_temporal_copy_spec during DFlash speculative decoding + prefix caching,https://github.com/vllm-project/vllm/issues/41884,open,,,2026-05-07T01:37:14Z,2026-05-07T08:51:47Z,2026-05-23T16:02:20+00:00,,,unlinked,,,,,new,,
kv_cache,41938,[Feature]: Opt-in: stop caching KV blocks after thinking start tokens,https://github.com/vllm-project/vllm/issues/41938,open,feature request,,2026-05-07T10:11:16Z,2026-05-07T10:20:43Z,2026-05-23T16:02:20+00:00,,,unlinked,,,,,new,,
kv_cache,42058,[Performance]: Quantized KV Cache Throughput/TTFT/TPOT slower?,https://github.com/vllm-project/vllm/issues/42058,open,performance,,2026-05-08T11:14:39Z,2026-05-08T11:21:43Z,2026-05-23T16:02:20+00:00,,,unlinked,,,,,new,,
kv_cache,42259,[RFC]: Logprobs/Logits Semantics and Determinism Across the vLLM Ecosystem,https://github.com/vllm-project/vllm/issues/42259,open,,,2026-05-11T01:19:31Z,2026-05-11T01:35:32Z,2026-05-23T16:02:20+00:00,,,unlinked,,,,,new,,
kv_cache,42317,[Bug]: Prefix cache align-mode has a 0% cache hit rate for Qwen3.6-35B-A3B,https://github.com/vllm-project/vllm/issues/42317,open,bug,,2026-05-11T11:55:34Z,2026-05-20T22:49:59Z,2026-05-23T16:02:20+00:00,,,unlinked,,,,,new,,
kv_cache,42449,[RFC]: Attention Backend Refactor,https://github.com/vllm-project/vllm/issues/42449,open,RFC,,2026-05-12T19:10:12Z,2026-05-14T09:31:58Z,2026-05-23T16:02:20+00:00,,,unlinked,,,,,new,,
kv_cache,42632,[Feature]: Async cudaHostRegister in SimpleCPUOffloadConnector to unblock  startup,https://github.com/vllm-project/vllm/issues/42632,open,,,2026-05-14T11:18:56Z,2026-05-14T11:22:18Z,2026-05-23T16:02:20+00:00,,,unlinked,,,,,new,,
kv_cache,42699,[Bug]: Prefix-read and no-prefix-read paths can yield different greedy answers for the same prompt,https://github.com/vllm-project/vllm/issues/42699,open,bug,,2026-05-15T02:24:15Z,2026-05-17T01:16:14Z,2026-05-23T16:02:20+00:00,,,unlinked,,,,,new,,
kv_cache,42826,[RFC]: Split Flashattn Forward for Prefill/Decode Separation,https://github.com/vllm-project/vllm/issues/42826,open,RFC,,2026-05-16T08:09:37Z,2026-05-17T14:48:10Z,2026-05-23T16:02:20+00:00,,,unlinked,,,,,new,,
kv_cache,42911,[Bug]: vllm0.19.1 with llmcache with qwen3.6-27B-FP8 failed,https://github.com/vllm-project/vllm/issues/42911,open,bug,,2026-05-18T01:49:22Z,2026-05-18T01:49:22Z,2026-05-23T16:02:20+00:00,,,unlinked,,,,,new,,
kv_cache,43090,[CI Failure]: Language Models Tests (Hybrid) 1 - granite-4.0-tiny-preview prefix caching regression,https://github.com/vllm-project/vllm/issues/43090,open,,,2026-05-19T11:30:08Z,2026-05-19T14:37:43Z,2026-05-23T16:02:20+00:00,,,unlinked,,,,,new,,
kv_cache,43295,[Performance]: MTP seems to be very slow,https://github.com/vllm-project/vllm/issues/43295,open,performance,,2026-05-21T08:43:43Z,2026-05-22T11:17:32Z,2026-05-23T16:02:20+00:00,,,unlinked,,,,,new,,
model_family_deepseek_v4,40791,[Bug]: Workspace allocation failure when combining Decode Context Parallelism (DCP) with EAGLE3 speculative decoding,https://github.com/vllm-project/vllm/issues/40791,open,bug,,2026-04-24T08:41:27Z,2026-04-24T08:41:27Z,2026-05-23T16:02:20+00:00,,,unlinked,,,,,new,,
model_family_deepseek_v4,40802,"[Feature]: Deepseek V4 cannot run ,Please support SM120 GPU,example rtx5090  rtxpro6000",https://github.com/vllm-project/vllm/issues/40802,open,"feature request, DSv4",,2026-04-24T11:23:37Z,2026-05-12T11:11:21Z,2026-05-23T16:02:20+00:00,,,unlinked,,,,,triage,,
model_family_deepseek_v4,40821,[Bug]: Deepseek V4 failed to load on RTX PRO 6000,https://github.com/vllm-project/vllm/issues/40821,open,"bug, DSv4",,2026-04-24T17:00:37Z,2026-05-22T11:15:25Z,2026-05-23T16:02:20+00:00,,,unlinked,,,,,new,,
model_family_deepseek_v4,40854,[Bug]: Deepseek V4 vllm not response when using with claude code,https://github.com/vllm-project/vllm/issues/40854,open,"bug, DSv4",,2026-04-25T02:23:56Z,2026-04-28T07:56:03Z,2026-05-23T16:02:20+00:00,,,unlinked,,,,,new,,
model_family_deepseek_v4,40903,[Bug]: Deepseek-V4-Flash failed to load on 8*L20,https://github.com/vllm-project/vllm/issues/40903,open,bug,,2026-04-26T05:52:47Z,2026-05-15T09:58:44Z,2026-05-23T16:02:20+00:00,,,unlinked,,,,,new,,
model_family_deepseek_v4,40952,[Bug]: Running DeepSeek-V4 fails with  CUDA error: unspecified launch failure  in  synchronize_input_prep,https://github.com/vllm-project/vllm/issues/40952,open,"bug, DSv4",,2026-04-27T02:12:23Z,2026-04-27T08:41:46Z,2026-05-23T16:02:20+00:00,,,unlinked,,,,,new,,
model_family_deepseek_v4,40955,[Bug]: DeepSeek V4 pro can not run with TP16,https://github.com/vllm-project/vllm/issues/40955,open,"bug, DSv4",,2026-04-27T02:29:43Z,2026-05-18T07:01:22Z,2026-05-23T16:02:20+00:00,,,unlinked,,deepseek_v4/tp16 fp8 shape,high,medium,triage,,Inspect DeepSeek V4 FP8 tensor-parallel shape constraints
model_family_deepseek_v4,40969,[Bug]: DeepSeek-V4-Flash hangs after ~6 requests with cudagraph_mode=FULL_AND_PIECEWISE + chunked prefill on SM 12.x (GB10),https://github.com/vllm-project/vllm/issues/40969,open,DSv4,,2026-04-27T06:38:14Z,2026-05-10T22:14:35Z,2026-05-23T16:02:20+00:00,,,unlinked,,,,,new,,
model_family_deepseek_v4,40988,[bug/perf] V4-Pro hangs ~60 min in post-shard-load weight materialization without --safetensors-load-strategy prefetch on EXT4,https://github.com/vllm-project/vllm/issues/40988,open,,,2026-04-27T08:52:27Z,2026-04-27T08:52:27Z,2026-05-23T16:02:20+00:00,,,unlinked,,,,,new,,
model_family_deepseek_v4,41027,[Bug]: can't run deepseek v4 flash,https://github.com/vllm-project/vllm/issues/41027,open,"bug, DSv4",,2026-04-27T15:45:10Z,2026-05-05T06:37:08Z,2026-05-23T16:02:20+00:00,,,unlinked,,deepseek_v4/deepgemm blackwell,high,medium,triage,,Reproduce unsupported architecture path and backend fallback
model_family_deepseek_v4,41081,"[Bug]:  vLLM only prints access logs, not performance statistics logs (v0.1.dev15830+g8d599d76a with deepseek-V4-flash)",https://github.com/vllm-project/vllm/issues/41081,open,bug,,2026-04-28T02:48:19Z,2026-04-29T02:59:21Z,2026-05-23T16:02:20+00:00,,,unlinked,,,,,new,,
model_family_deepseek_v4,41117,[Feature]: unsupported architecture,https://github.com/vllm-project/vllm/issues/41117,open,feature request,,2026-04-28T09:42:40Z,2026-04-28T10:45:59Z,2026-05-23T16:02:20+00:00,,,unlinked,,,,,new,,
model_family_deepseek_v4,41208,[Usage]: Is there someway to accelerate deepseek v4 flash/pro load ckpt time?,https://github.com/vllm-project/vllm/issues/41208,open,usage,,2026-04-29T07:46:38Z,2026-05-06T08:35:35Z,2026-05-23T16:02:20+00:00,,,unlinked,,,,,new,,
model_family_deepseek_v4,41331,[Bug]: Garbled Output in DeepSeek-V4 with CUDA Graph Enabled Under Concurrent Identical Input Requests,https://github.com/vllm-project/vllm/issues/41331,open,bug,,2026-04-30T03:47:22Z,2026-05-22T05:56:59Z,2026-05-23T16:02:20+00:00,,,unlinked,,deepseek_v4/cuda graphs concurrency,high,medium,triage,,Compare cudagraph modes and sparse MLA metadata replay
model_family_deepseek_v4,42229,[Bug]:  ValueError: GGUF model with architecture deepseek2 is not supported yet.,https://github.com/vllm-project/vllm/issues/42229,open,bug,,2026-05-10T13:06:44Z,2026-05-10T13:43:33Z,2026-05-23T16:02:20+00:00,,,unlinked,,,,,new,,
model_family_deepseek_v4,42384,[Bug]: DeepSeek-V4-Pro TP=16 fails fp8 block-shape check on shared_experts.down_proj — contradicts the official recipe,https://github.com/vllm-project/vllm/issues/42384,open,bug,,2026-05-12T07:06:10Z,2026-05-15T04:09:29Z,2026-05-23T16:02:20+00:00,,,unlinked,,,,,new,,
model_family_deepseek_v4,42389,"[Bug]: vLLM serve with tensor-parallel-size=8 on Kubernetes + vGPU fails: NCCL TCPStore broken pipe, EngineCore initialization failed",https://github.com/vllm-project/vllm/issues/42389,open,bug,,2026-05-12T07:48:11Z,2026-05-12T08:19:31Z,2026-05-23T16:02:20+00:00,,,unlinked,,,,,new,,
model_family_deepseek_v4,42417,[Bug]: AssertionError: auto_functionalized was not removed,https://github.com/vllm-project/vllm/issues/42417,open,bug,,2026-05-12T12:00:25Z,2026-05-22T07:51:00Z,2026-05-23T16:02:20+00:00,,,unlinked,,,,,new,,
model_family_deepseek_v4,42432,[Bug]: deepseek v4 failed to work on R6000 GPU,https://github.com/vllm-project/vllm/issues/42432,open,bug,,2026-05-12T15:02:33Z,2026-05-12T15:02:33Z,2026-05-23T16:02:20+00:00,,,unlinked,,,,,new,,
model_family_deepseek_v4,43189,[Usage]: DeepSeek-V4 startup takes ~8 min — guidance on reducing initialization time,https://github.com/vllm-project/vllm/issues/43189,open,usage,,2026-05-20T06:07:28Z,2026-05-22T01:49:27Z,2026-05-23T16:02:20+00:00,,,unlinked,,,,,new,,
model_family_deepseek_v4,43267,[Feature]:  Support streaming output for tool_calls arguments,https://github.com/vllm-project/vllm/issues/43267,open,feature request,,2026-05-21T02:12:59Z,2026-05-22T05:03:33Z,2026-05-23T16:02:20+00:00,,,unlinked,,,,,new,,
model_family_deepseek_v4,43416,[Bug]: DeepSeek V4 Flash Model Output is Garbled,https://github.com/vllm-project/vllm/issues/43416,open,bug,,2026-05-22T09:52:29Z,2026-05-22T16:29:43Z,2026-05-23T16:02:20+00:00,,,unlinked,,,,,new,,
model_family_deepseek_v4,43455,[Investigation][DSV4-Pro][MTP] NVFP4 conversion + mainline-patched serve produces 1.82% MTP acceptance vs native checkpoint's 80.56% on fork docker — root cause search,https://github.com/vllm-project/vllm/issues/43455,open,,,2026-05-22T23:55:57Z,2026-05-23T06:26:36Z,2026-05-23T16:02:20+00:00,,,unlinked,,,,,new,,
model_family_gemma4,38886,[Bug]: Gemma 4 E4B weight loading fails `Gemma4ClippableLinear` parameter `input_max` not recognized,https://github.com/vllm-project/vllm/issues/38886,open,bug,,2026-04-03T06:48:48Z,2026-04-12T17:42:32Z,2026-05-23T16:02:20+00:00,,,unlinked,,,,,new,,
model_family_gemma4,38926,[Bug]: Gemma4-31B freezes on multiple RTX6000 PRO during loading,https://github.com/vllm-project/vllm/issues/38926,open,bug,,2026-04-03T17:51:29Z,2026-04-21T01:37:52Z,2026-05-23T16:02:20+00:00,,,unlinked,,,,,new,,
model_family_gemma4,39039,[Bug]: vLLM attempts to download Hugging Face cache file during inference despite local model path (Gemma 4),https://github.com/vllm-project/vllm/issues/39039,open,bug,,2026-04-05T19:29:53Z,2026-04-05T19:30:38Z,2026-05-23T16:02:20+00:00,,,unlinked,,,,,new,,
model_family_gemma4,39043,[Bug]: Vllm + Gemma 4 + claude code: tool calling problems,https://github.com/vllm-project/vllm/issues/39043,open,bug,,2026-04-05T20:27:05Z,2026-05-08T20:22:39Z,2026-05-23T16:02:20+00:00,,,unlinked,,,,,new,,
model_family_gemma4,39049,[Bug]: Gemma 4 FP8 dynamic quantization = gibberish output,https://github.com/vllm-project/vllm/issues/39049,open,bug,,2026-04-05T22:47:07Z,2026-04-30T18:48:13Z,2026-05-23T16:02:20+00:00,,,unlinked,,,,,new,,
model_family_gemma4,39071,[Bug]: Gemma 4 31B Structured Outputs weird behaviour / character output - might be a quick solve,https://github.com/vllm-project/vllm/issues/39071,open,bug,,2026-04-06T08:57:28Z,2026-05-20T04:36:03Z,2026-05-23T16:02:20+00:00,,,unlinked,,,,,new,,
model_family_gemma4,39072,"[Bug]: Gemma4 on vLLM + PI coding agent: Validation failed for tool ""edit"": - path: must have required property 'path'",https://github.com/vllm-project/vllm/issues/39072,open,bug,,2026-04-06T09:58:01Z,2026-05-22T22:34:50Z,2026-05-23T16:02:20+00:00,,,unlinked,,,,,new,,
model_family_gemma4,39133,"[Bug]: Gemma 4 31B INT4 on 2×24GB GPUs (TP=2): GPU KV cache size is 25,200 tokens at max_model_len=131072, gpu_memory_utilization=0.96, BF16 KV",https://github.com/vllm-project/vllm/issues/39133,open,,,2026-04-07T01:17:09Z,2026-04-30T18:48:14Z,2026-05-23T16:02:20+00:00,,,unlinked,,,,,new,,
model_family_gemma4,39204,[Installation]: New 0.19.0 docker build to run gemma4: transformers outdated.,https://github.com/vllm-project/vllm/issues/39204,open,installation,,2026-04-07T16:36:18Z,2026-04-13T13:26:08Z,2026-05-23T16:02:20+00:00,,,unlinked,,,,,new,,
model_family_gemma4,39392,[Bug]: Gemma4 tool-call-parser produces <pad> tokens under concurrent requests,https://github.com/vllm-project/vllm/issues/39392,open,bug,,2026-04-09T06:56:12Z,2026-04-13T22:36:49Z,2026-05-23T16:02:20+00:00,,,unlinked,,gemma4/tool parser concurrency,high,medium,triage,,Read Gemma4ToolParser state handling and reproduce concurrent tool calls
model_family_gemma4,39407,[Bug]: Gemma 4 31B FP8_BLOCK checkpoint produces garbage repetitive output — logit saturation at softcap wall due to absorbed activation scales being double-applied,https://github.com/vllm-project/vllm/issues/39407,open,,,2026-04-09T10:33:21Z,2026-04-30T18:48:11Z,2026-05-23T16:02:20+00:00,,,unlinked,,,,,new,,
model_family_gemma4,39595,[Bug]: Gemma 4 26B MoE NVFP4 fails under tensor-parallel-size 2 across all available MoE backends,https://github.com/vllm-project/vllm/issues/39595,open,bug,,2026-04-12T01:28:22Z,2026-04-12T01:28:22Z,2026-05-23T16:02:20+00:00,,,unlinked,,,,,new,,
model_family_gemma4,39638,Gemma 4 31B bnb-4bit: _Gemma4KVSharedSafeProxy AttributeError + weight shape mismatch,https://github.com/vllm-project/vllm/issues/39638,open,,,2026-04-12T16:35:28Z,2026-04-12T16:44:54Z,2026-05-23T16:02:20+00:00,,,unlinked,,,,,new,,
model_family_gemma4,39914,[Bug]: Gemma 4: Engine hang during large prefill caused by Interleaved Attention and p-RoPE implementation,https://github.com/vllm-project/vllm/issues/39914,open,bug,,2026-04-15T14:14:15Z,2026-05-05T04:55:57Z,2026-05-23T16:02:20+00:00,,,unlinked,,,,,new,,
model_family_gemma4,40286,[Bug]: v0.19.1 failed to load AWQ 4bit quantization of Gemma 4 26B-A4B,https://github.com/vllm-project/vllm/issues/40286,open,bug,,2026-04-19T12:49:33Z,2026-05-09T17:50:29Z,2026-05-23T16:02:20+00:00,,,unlinked,,,,,triage,,
model_family_gemma4,40624,[Bug]: Gemma4 0% prefix cache hits with hybrid attention + DFlash,https://github.com/vllm-project/vllm/issues/40624,open,bug,,2026-04-22T14:56:22Z,2026-05-04T20:50:21Z,2026-05-23T16:02:20+00:00,,,unlinked,,,,,new,,
model_family_gemma4,40677,[Bug]: Gemma-4 fails when forcing FLASHINFER attention backend on Blackwell SM120 (head_size not supported),https://github.com/vllm-project/vllm/issues/40677,open,bug,,2026-04-23T04:58:33Z,2026-04-24T16:51:44Z,2026-05-23T16:02:20+00:00,,,unlinked,,,,,new,,
model_family_gemma4,40748,[Feature]: Support per-deployment leader election ID and pod-level  scoping for LoRA adapters in multi-deployment namespace setups,https://github.com/vllm-project/vllm/issues/40748,open,feature request,,2026-04-24T00:09:44Z,2026-04-27T08:47:06Z,2026-05-23T16:02:20+00:00,,,unlinked,,,,,new,,
model_family_gemma4,40994,[Bug]: vllm does not expose /v1/audio/transcriptions for google/gemma-4-E4B-it,https://github.com/vllm-project/vllm/issues/40994,open,bug,,2026-04-27T09:24:19Z,2026-05-19T09:42:23Z,2026-05-23T16:02:20+00:00,,,unlinked,,,,,new,,
model_family_gemma4,41283,[Bug] Gemma 4 31B crashes on k_eq_v full-attention layers (QKV split shape mismatch),https://github.com/vllm-project/vllm/issues/41283,open,,,2026-04-29T20:14:50Z,2026-04-30T18:00:46Z,2026-05-23T16:02:20+00:00,,,unlinked,,,,,new,,
model_family_gemma4,41369,[Bug]: Gemma4 Fast Prefill Optimization degrades p95 inter-token latency significantly,https://github.com/vllm-project/vllm/issues/41369,open,bug,,2026-04-30T12:46:02Z,2026-05-01T04:44:38Z,2026-05-23T16:02:20+00:00,,,unlinked,,,,,new,,
model_family_gemma4,41403,[Tracking] TurboQuant + Gemma 4 multimodal: 5-gate blocker stack,https://github.com/vllm-project/vllm/issues/41403,open,,,2026-04-30T19:22:47Z,2026-05-13T14:20:12Z,2026-05-23T16:02:20+00:00,,,unlinked,,,,,new,,
model_family_gemma4,41647,[Bug]: Unable to start Gemma4 with 2 GPUs,https://github.com/vllm-project/vllm/issues/41647,open,bug,,2026-05-04T16:03:30Z,2026-05-14T02:44:06Z,2026-05-23T16:02:20+00:00,,,unlinked,,,,,new,,
model_family_gemma4,41754,[Bug]: Gemma 4: Unsloth LoRA adapters are ignored during inference despite successful loading,https://github.com/vllm-project/vllm/issues/41754,open,bug,,2026-05-05T18:26:51Z,2026-05-06T06:29:03Z,2026-05-23T16:02:20+00:00,,,unlinked,,,,,new,,
model_family_gemma4,42340,[Bug]: Gemma 4 31B random drops in performance on H200 and B200 with 2 GPUs,https://github.com/vllm-project/vllm/issues/42340,open,bug,,2026-05-11T20:29:30Z,2026-05-19T08:44:16Z,2026-05-23T16:02:20+00:00,,,unlinked,,,,,new,,
model_family_gemma4,42348,[Bug]: Gemma 4 KVCache CPU offloading broken,https://github.com/vllm-project/vllm/issues/42348,open,bug,,2026-05-11T22:08:48Z,2026-05-12T06:46:03Z,2026-05-23T16:02:20+00:00,,,unlinked,,,,,new,,
model_family_gemma4,42390,[Bug]: Gemma-4 MoE Initialization Hang and Segfault,https://github.com/vllm-project/vllm/issues/42390,open,bug,,2026-05-12T07:51:04Z,2026-05-20T16:51:24Z,2026-05-23T16:02:20+00:00,,,unlinked,,,,,new,,
model_family_gemma4,42516,"[Bug]: Gemma4 NVFP4 fails to start with pipeline parallel = 2, or TP = 2 without EP",https://github.com/vllm-project/vllm/issues/42516,open,bug,,2026-05-13T09:39:35Z,2026-05-15T06:56:32Z,2026-05-23T16:02:20+00:00,,,unlinked,,,,,new,,
model_family_gemma4,43178,[Feature]: Port Gemma4 vision encoder to MMEncoderAttention with FlashAttention support,https://github.com/vllm-project/vllm/issues/43178,open,feature request,,2026-05-20T02:48:13Z,2026-05-20T03:39:24Z,2026-05-23T16:02:20+00:00,,,unlinked,,,,,new,,
model_family_gemma4,43239,"[Usage]:   Support Gemma 4 E4B, 31B, 26B-A4B, and assistant variants (MTP) on TPU v6e 1x1 with vLLM",https://github.com/vllm-project/vllm/issues/43239,open,usage,,2026-05-20T19:24:26Z,2026-05-20T19:26:56Z,2026-05-23T16:02:20+00:00,,,unlinked,,,,,new,,
model_family_gemma4,43308,[Performance]: Massive increase (~10x) in KV Cache capacity for Gemma 4 in v0.21.0,https://github.com/vllm-project/vllm/issues/43308,open,performance,,2026-05-21T11:19:57Z,2026-05-21T11:19:57Z,2026-05-23T16:02:20+00:00,,,unlinked,,,,,new,,
model_family_gemma4,43353,[CI Failure]: Multiple Gemma4 tests fail due to insufficient permissions,https://github.com/vllm-project/vllm/issues/43353,open,ci-failure,,2026-05-21T19:34:01Z,2026-05-21T19:34:01Z,2026-05-23T16:02:20+00:00,,,unlinked,,,,,new,,
model_family_gemma4,43354,[CI Failure]: Quantized Models Test fails with OOM,https://github.com/vllm-project/vllm/issues/43354,open,ci-failure,,2026-05-21T19:37:16Z,2026-05-21T19:37:16Z,2026-05-23T16:02:20+00:00,,,unlinked,,,,,new,,
model_family_gpt_oss,-2826204,[Subissue #28262.4] Other types of tool related input types should be on the analysis channel,https://github.com/vllm-project/vllm/issues/28262,closed,"rfc-subissue, gpt-oss, harmony",,2025-11-07T02:51:56Z,2026-05-22T02:21:56Z,2026-05-23T16:02:20+00:00,,,unlinked,,gpt-oss/responses api harmony,high,medium,triage,,Likely least covered by open PRs; audit non-function tool input channel mapping in serving_responses.py and harmony_utils.py
model_family_gpt_oss,-2826203,[Subissue #28262.3] Input items which are FunctionCallOutput should be set to be on the commentary channel,https://github.com/vllm-project/vllm/issues/28262,closed,"rfc-subissue, gpt-oss, harmony",,2025-11-07T02:51:56Z,2026-05-22T02:21:56Z,2026-05-23T16:02:20+00:00,,,unlinked,,gpt-oss/responses api harmony,high,medium,triage,,Check PR #28355 and #35907 coverage before reproducing this slice
model_family_gpt_oss,-2826202,[Subissue #28262.2] Set the content_type for function tools to be `<|constrain|>json` always,https://github.com/vllm-project/vllm/issues/28262,closed,"rfc-subissue, gpt-oss, harmony",,2025-11-07T02:51:56Z,2026-05-22T02:21:56Z,2026-05-23T16:02:20+00:00,,,unlinked,,gpt-oss/responses api harmony,high,medium,triage,,Check PR #28355 and #35907 coverage before reproducing this slice
model_family_gpt_oss,-2826201,[Subissue #28262.1] A reasoning message should use the channel of the message that follows it. For example:,https://github.com/vllm-project/vllm/issues/28262,closed,"rfc-subissue, gpt-oss, harmony",,2025-11-07T02:51:56Z,2026-05-22T02:21:56Z,2026-05-23T16:02:20+00:00,,,unlinked,,gpt-oss/responses api harmony,high,medium,triage,,Check PR #28355 and #35907 coverage before reproducing this slice
model_family_gpt_oss,22380,[Feature]: serve gpt-oss BF16 weights,https://github.com/vllm-project/vllm/issues/22380,open,feature request,,2025-08-06T18:27:14Z,2026-02-18T02:30:03Z,2026-05-23T16:02:20+00:00,,,unlinked,,,,,new,,
model_family_gpt_oss,22798,[Bug]: vllm 0.10.1+gptoss wheel breaks on glibc 2.28,https://github.com/vllm-project/vllm/issues/22798,open,"bug, unstale",,2025-08-13T07:52:05Z,2026-03-17T16:21:12Z,2026-05-23T16:02:20+00:00,,,unlinked,,,,,new,,
model_family_gpt_oss,37295,[Bug] gpt-oss-120b + P-EAGLE speculative decoding causes openai_harmony parse errors and severe chat latency regression,https://github.com/vllm-project/vllm/issues/37295,open,bug,,2026-03-17T12:25:20Z,2026-03-21T02:13:43Z,2026-05-23T16:02:20+00:00,,,unlinked,,,,,new,,
model_family_gpt_oss,37441,[Bug]: GPT OSS 120B performance regression with Triton 3.6,https://github.com/vllm-project/vllm/issues/37441,open,bug,,2026-03-18T14:13:31Z,2026-04-02T03:23:07Z,2026-05-23T16:02:20+00:00,,,unlinked,,,,,new,,
model_family_gpt_oss,38754,[Bug]: GPT OSS Router GEMM Causing NaNs,https://github.com/vllm-project/vllm/issues/38754,open,bug,,2026-04-01T21:15:58Z,2026-04-01T21:15:58Z,2026-05-23T16:02:20+00:00,,,unlinked,,,,,new,,
model_family_gpt_oss,40838,[Bug]: Performance regression from v0.16.0 to v0.17.0+ on openai/gpt-oss-120b,https://github.com/vllm-project/vllm/issues/40838,open,bug,,2026-04-24T21:35:21Z,2026-04-27T23:26:37Z,2026-05-23T16:02:20+00:00,,,unlinked,,gpt-oss/performance regression,medium,medium,triage,,Review v0.16 to v0.17 serving/runtime changes before attempting a perf bisect
model_family_gpt_oss,41477,[Bug]: Triton MXFP4 MoE kernel uses .tile::scatter4 PTX (Hopper/SM10 only) — fails on SM 12.1 (GB10/DGX Spark); Marlin fallback hits #37030,https://github.com/vllm-project/vllm/issues/41477,open,,,2026-05-01T19:20:58Z,2026-05-10T23:09:29Z,2026-05-23T16:02:20+00:00,,,unlinked,,,,,new,,
model_family_gpt_oss,41716,[Bug]: GPT-OSS-20B repeats itself for some prompts,https://github.com/vllm-project/vllm/issues/41716,open,bug,,2026-05-05T09:03:27Z,2026-05-05T10:14:38Z,2026-05-23T16:02:20+00:00,,,unlinked,,,,,new,,
model_family_gpt_oss,41902,"Bug report: vLLM gpt-oss-120b returns content=null, reasoning=null with completion_tokens > 0",https://github.com/vllm-project/vllm/issues/41902,open,bug,,2026-05-07T06:28:27Z,2026-05-07T19:30:02Z,2026-05-23T16:02:20+00:00,,,unlinked,,,,,new,,
moe,30696,[RFC]: Per-instance EPLB metrics,https://github.com/vllm-project/vllm/issues/30696,open,feature request,,2025-12-15T14:27:21Z,2026-03-17T19:09:57Z,2026-05-23T16:02:20+00:00,,,unlinked,,,,,new,,
moe,31671,[RFC]: Integrate omni-ai-npu/omni-infer's Topology-Aware Placement and Execution Optimizations into vLLM EPLB,https://github.com/vllm-project/vllm/issues/31671,open,"RFC, unstale",,2026-01-04T07:47:06Z,2026-04-16T02:16:53Z,2026-05-23T16:02:20+00:00,,,unlinked,,,,,new,,
moe,31840,[Bug]: NVFP4 Flashinfer CuteDSL MoE + DeepEP ll + VLLM_MOE_DP_CHUNK_SIZE=1024 + cudagraph numerical accuracy issue on B200,https://github.com/vllm-project/vllm/issues/31840,open,"bug, unstale, nvidia",,2026-01-06T22:54:14Z,2026-04-11T02:15:19Z,2026-05-23T16:02:20+00:00,,,unlinked,,,,,new,,
moe,32478,[Bug]: EPLB hangs in several cases,https://github.com/vllm-project/vllm/issues/32478,open,bug,,2026-01-16T15:57:07Z,2026-03-03T15:48:21Z,2026-05-23T16:02:20+00:00,,,unlinked,,,,,new,,
moe,33549,[RFC]: Dynamic Expert Load Balance optimization,https://github.com/vllm-project/vllm/issues/33549,open,RFC,,2026-02-02T07:42:29Z,2026-03-10T08:19:21Z,2026-05-23T16:02:20+00:00,,,unlinked,,,,,new,,
moe,33869,[RFC]:DeepSeek-R1 Moe offload,https://github.com/vllm-project/vllm/issues/33869,open,RFC,,2026-02-05T05:54:49Z,2026-03-27T13:44:26Z,2026-05-23T16:02:20+00:00,,,unlinked,,,,,new,,
moe,34851,[Feature]: Refactor Quark MoE and mxfp4 MoE to align with MoE oracle/MK,https://github.com/vllm-project/vllm/issues/34851,open,feature request,,2026-02-18T23:27:55Z,2026-04-07T16:44:54Z,2026-05-23T16:02:20+00:00,,,unlinked,,,,,new,,
moe,34963,[RFC]: Adding Support for Single Batch Overlap (SBO) With FlashInfer DeepEP LL NVFP4,https://github.com/vllm-project/vllm/issues/34963,open,RFC,,2026-02-20T15:54:11Z,2026-02-24T19:25:59Z,2026-05-23T16:02:20+00:00,,,unlinked,,,,,new,,
moe,35407,[CI] DBO with DP+EP accuracy regression on GSM8K evaluation,https://github.com/vllm-project/vllm/issues/35407,open,ci-failure,,2026-02-26T15:23:50Z,2026-02-27T10:30:16Z,2026-05-23T16:02:20+00:00,,,unlinked,,,,,new,,
moe,38298,"Energy Efficiency: 10 Mathematical Techniques for 60-70% AI Energy Reduction (Phi6Simple, FFT-Mix, Phi MoE)",https://github.com/vllm-project/vllm/issues/38298,open,,,2026-03-27T00:35:45Z,2026-03-27T00:35:45Z,2026-05-23T16:02:20+00:00,,,unlinked,,,,,new,,
moe,39942,[RFC]: Fault-Tolerant EP Collectives and Fault-Aware EPLB,https://github.com/vllm-project/vllm/issues/39942,open,RFC,,2026-04-15T20:14:08Z,2026-04-15T20:35:21Z,2026-05-23T16:02:20+00:00,,,unlinked,,,,,new,,
moe,40373,[Bug]: R1 NVFP4 flash_infer_one_sided on prefill causes accuracy degradation during P/D,https://github.com/vllm-project/vllm/issues/40373,open,bug,,2026-04-20T14:58:17Z,2026-04-20T15:03:22Z,2026-05-23T16:02:20+00:00,,,unlinked,,,,,new,,
moe,40567,[RFC]: Fault tolerant EPLB,https://github.com/vllm-project/vllm/issues/40567,open,RFC,,2026-04-22T02:30:48Z,2026-04-24T00:59:04Z,2026-05-23T16:02:20+00:00,,,unlinked,,,,,new,,
moe,41204,[RFC]: Expert Weight Backup for Elastic EP,https://github.com/vllm-project/vllm/issues/41204,open,RFC,,2026-04-29T07:14:20Z,2026-04-29T13:41:40Z,2026-05-23T16:02:20+00:00,,,unlinked,,,,,new,,
moe,41360,[Bug]: Qwen3-30B-A3B on B200 (TP=8) — K must be divisible by blockK in flashinfer convert_to_block_layout (unquantized MoE oracle path),https://github.com/vllm-project/vllm/issues/41360,open,bug,,2026-04-30T10:10:28Z,2026-04-30T21:09:24Z,2026-05-23T16:02:20+00:00,,,unlinked,,,,,new,,
moe,41447,[Feature]: MoE Active Expert Management --moe-gpu-prefetch <num>,https://github.com/vllm-project/vllm/issues/41447,open,feature request,,2026-05-01T05:24:44Z,2026-05-05T04:34:45Z,2026-05-23T16:02:20+00:00,,,unlinked,,,,,new,,
moe,41670,Layerwise reload crashes with CUDA illegal memory access on compressed-tensors channel-wise FP8 MoE,https://github.com/vllm-project/vllm/issues/41670,open,,,2026-05-04T22:06:12Z,2026-05-06T07:42:47Z,2026-05-23T16:02:20+00:00,,,unlinked,,,,,new,,
moe,43396,CUDA illegal memory access in FP8 MoE moe_permute with cutlass backend at batch size 8192,https://github.com/vllm-project/vllm/issues/43396,open,,,2026-05-22T07:09:48Z,2026-05-23T13:55:56Z,2026-05-23T16:02:20+00:00,,,unlinked,,,,,new,,
multimodal_input_processing,25383,[Usage]: Is there a simple way to pass embedding directly in V1,https://github.com/vllm-project/vllm/issues/25383,open,"usage, unstale",,2025-09-22T12:49:00Z,2026-04-16T05:41:37Z,2026-05-23T16:02:20+00:00,,,unlinked,,,,,triage,,
multimodal_input_processing,28467,"[Bug]: Persistent CPU RAM Growth and Container Restarts with QWEN2-2B on SageMaker, Unaffected by Cache Settings",https://github.com/vllm-project/vllm/issues/28467,open,"bug, unstale",,2025-11-11T14:15:13Z,2026-03-27T02:17:19Z,2026-05-23T16:02:20+00:00,,,unlinked,,,,,new,,
multimodal_input_processing,30839,[RFC]: Enabling Zero-Copy Video with PyNvVideoCodec and IPC,https://github.com/vllm-project/vllm/issues/30839,open,"RFC, unstale",,2025-12-17T04:46:59Z,2026-04-14T02:17:17Z,2026-05-23T16:02:20+00:00,,,unlinked,,,,,new,,
multimodal_input_processing,32685,[Feature]: Support multi-modal inputs for OpenAI Response API,https://github.com/vllm-project/vllm/issues/32685,open,feature request,,2026-01-20T15:26:51Z,2026-04-14T11:59:07Z,2026-05-23T16:02:20+00:00,,,unlinked,,,,,new,,
multimodal_input_processing,33828,[Bug]: mistral3 offline multimodal inference example failing with prompt placeholder error,https://github.com/vllm-project/vllm/issues/33828,open,"bug, unstale",,2026-02-04T21:18:53Z,2026-05-12T02:17:15Z,2026-05-23T16:02:20+00:00,,,unlinked,,,,,new,,
multimodal_input_processing,33865,[Bug]: OpenAI-compatible Embeddings API intermittently crashes with multimodal cache assertion (`Expected a cached item for mm_hash`) on Qwen3-VL-Embedding-8B,https://github.com/vllm-project/vllm/issues/33865,open,"bug, unstale",,2026-02-05T04:45:19Z,2026-05-23T02:17:48Z,2026-05-23T16:02:20+00:00,,,unlinked,,,,,new,,
multimodal_input_processing,35285,[Bug]: Large Video Request cause vLLM Progress Core Dump,https://github.com/vllm-project/vllm/issues/35285,open,bug,,2026-02-25T11:12:02Z,2026-02-26T07:45:22Z,2026-05-23T16:02:20+00:00,,,unlinked,,,,,new,,
multimodal_input_processing,35989,[Bug]:,https://github.com/vllm-project/vllm/issues/35989,open,bug,,2026-03-04T10:03:13Z,2026-03-10T04:52:58Z,2026-05-23T16:02:20+00:00,,,unlinked,,,,,new,,
multimodal_input_processing,37304,[Bug]: Language Models Test (Extended Generation) test_models[False-False-5-32-bigcode/starcoder2-3b] test issue,https://github.com/vllm-project/vllm/issues/37304,open,bug,,2026-03-17T14:47:03Z,2026-05-14T15:50:47Z,2026-05-23T16:02:20+00:00,,,unlinked,,,,,new,,
multimodal_input_processing,37459,[CI Failure]: MultiModal Models Extended 2 - isaac test case OOMs,https://github.com/vllm-project/vllm/issues/37459,open,ci-failure,,2026-03-18T16:39:15Z,2026-03-18T16:39:15Z,2026-05-23T16:02:20+00:00,,,unlinked,,,,,new,,
multimodal_input_processing,38106,"[Bug]: tool_choice=""required"" + speculative decoding with lukealonso/Qwen3.5-397B-A17B-NVFP4 leads to failed tool calls.",https://github.com/vllm-project/vllm/issues/38106,open,bug,,2026-03-25T12:03:54Z,2026-05-05T14:41:23Z,2026-05-23T16:02:20+00:00,,,unlinked,,,,,new,,
multimodal_input_processing,38351,"[Bug]: When use_audio_in_video is enabled in qwen3-omni, the output may exhibit issues such as empty or repetitive output.",https://github.com/vllm-project/vllm/issues/38351,open,bug,,2026-03-27T10:32:28Z,2026-04-26T00:07:19Z,2026-05-23T16:02:20+00:00,,,unlinked,,,,,new,,
multimodal_input_processing,38411,"[Bug]: Vision encoder crashes on SM100 (Jetson Thor) — `_vllm_fa2_C` compiled for SM80-only, no override available for vision encoder",https://github.com/vllm-project/vllm/issues/38411,open,bug,,2026-03-28T02:06:04Z,2026-04-03T18:33:23Z,2026-05-23T16:02:20+00:00,,,unlinked,,,,,new,,
multimodal_input_processing,38643,[Bug]: Qwen3.5 (Qwen3_5ForConditionalGeneration) FLA linear attention tensor format mismatch causes gibberish output,https://github.com/vllm-project/vllm/issues/38643,open,,,2026-03-31T14:47:29Z,2026-04-24T19:30:24Z,2026-05-23T16:02:20+00:00,,,unlinked,,,,,new,,
multimodal_input_processing,38809,[Feature]: How to disable chat template when using vllm serve,https://github.com/vllm-project/vllm/issues/38809,open,feature request,,2026-04-02T12:33:54Z,2026-04-02T12:34:30Z,2026-05-23T16:02:20+00:00,,,unlinked,,,,,new,,
multimodal_input_processing,38811,[Usage]: Qwen3-VL inference on video complains of lack of metadata,https://github.com/vllm-project/vllm/issues/38811,open,usage,,2026-04-02T13:03:54Z,2026-04-04T03:44:27Z,2026-05-23T16:02:20+00:00,,,unlinked,,,,,new,,
multimodal_input_processing,39104,[Usage]: The qwen3.5 model generates a random stream of words in thought mode.,https://github.com/vllm-project/vllm/issues/39104,open,usage,,2026-04-06T19:11:37Z,2026-04-06T19:15:02Z,2026-05-23T16:02:20+00:00,,,unlinked,,,,,new,,
multimodal_input_processing,39766,[RFC]: Support Mooncake Based ECConnector for EPD,https://github.com/vllm-project/vllm/issues/39766,open,RFC,,2026-04-14T03:46:10Z,2026-04-14T18:21:17Z,2026-05-23T16:02:20+00:00,,,linked_partial,,,,,new,,
multimodal_input_processing,39958,[Bug]: 投机推理时，异步调度场景，将 -1 作为spec token 赋值给了 input_ids,https://github.com/vllm-project/vllm/issues/39958,open,bug,,2026-04-16T02:16:02Z,2026-05-01T20:50:49Z,2026-05-23T16:02:20+00:00,,,unlinked,,,,,new,,
multimodal_input_processing,40144,[Bug]: vllm/vllm-openai:nightly-18013df6ae27c3fb941307c46c975227126d641f Missing pandas package,https://github.com/vllm-project/vllm/issues/40144,open,bug,,2026-04-17T13:00:04Z,2026-04-19T06:10:26Z,2026-05-23T16:02:20+00:00,,,unlinked,,,,,new,,
multimodal_input_processing,40329,[Usage]: 部署Qwen3-vl-embedding如何进行视频请求？部署命令是什么？支持么,https://github.com/vllm-project/vllm/issues/40329,open,usage,,2026-04-20T07:42:43Z,2026-04-21T05:38:02Z,2026-05-23T16:02:20+00:00,,,unlinked,,,,,new,,
multimodal_input_processing,40661,[Bug]: CUBLAS_STATUS_EXECUTION_FAILED during CUDA graph compilation of BF16 vision encoder on NVIDIA Jetson AGX Thor (vLLM 0.19.0 regression),https://github.com/vllm-project/vllm/issues/40661,open,,,2026-04-23T00:14:26Z,2026-04-23T00:14:26Z,2026-05-23T16:02:20+00:00,,,unlinked,,,,,new,,
multimodal_input_processing,40699,"[Bug]: For Qwen3.5 serise, Large benchmark gap (~10 points) between offline vLLM inference and vLLM API server despite aligned input_ids",https://github.com/vllm-project/vllm/issues/40699,open,bug,,2026-04-23T11:16:57Z,2026-04-25T03:26:11Z,2026-05-23T16:02:20+00:00,,,unlinked,,,,,new,,
multimodal_input_processing,41969,[Bug]: AsyncLLM silent-hangs on multimodal pooling requests when default max_num_batched_tokens too small (L4); sync LLM works on same hardware,https://github.com/vllm-project/vllm/issues/41969,open,,,2026-05-07T14:48:06Z,2026-05-11T16:39:45Z,2026-05-23T16:02:20+00:00,,,unlinked,,,,,new,,
multimodal_input_processing,43269,[Feature]: Support multi-image and interleaved multimodal custom datasets in bench serve,https://github.com/vllm-project/vllm/issues/43269,open,"feature request, multi-modality",,2026-05-21T02:41:39Z,2026-05-22T08:49:09Z,2026-05-23T16:02:20+00:00,,,unlinked,,,,,new,,
openai_server,13792,[Feature]: [V1] Parallel sampling should support metrics,https://github.com/vllm-project/vllm/issues/13792,open,"feature request, unstale",,2025-02-24T23:50:52Z,2026-04-07T00:27:38Z,2026-05-23T16:02:20+00:00,,,unlinked,,,,,new,,
openai_server,29369,[Bug]: nixl connector PD disagg stuck at INFO logging level,https://github.com/vllm-project/vllm/issues/29369,open,bug,,2025-11-25T03:59:08Z,2026-03-14T11:43:25Z,2026-05-23T16:02:20+00:00,,,unlinked,,,,,new,,
openai_server,29474,[P/D][Metrics] Consider combined/summed metrics (e.g. ttft and e2e_request_latency) for prefill and decode instances,https://github.com/vllm-project/vllm/issues/29474,open,"usage, unstale, kv-connector",,2025-11-26T02:50:17Z,2026-03-06T01:33:50Z,2026-05-23T16:02:20+00:00,,,unlinked,,,,,new,,
openai_server,29968,[Bug]: Ministral 3 - streaming tool call not working,https://github.com/vllm-project/vllm/issues/29968,open,bug,,2025-12-03T14:11:03Z,2026-04-30T12:38:54Z,2026-05-23T16:02:20+00:00,,,unlinked,,,,,new,,
openai_server,31124,[Bug]: vllm.entrypoints.openai.api_server started but can't be accessed in wsl,https://github.com/vllm-project/vllm/issues/31124,open,bug,,2025-12-22T06:44:45Z,2026-05-22T01:35:20Z,2026-05-23T16:02:20+00:00,,,unlinked,,,,,new,,
openai_server,36116,[Bug]: Pseudo-Streaming Issue When Using Tool Parser with Qwen3-Coder and MiniMax-M2,https://github.com/vllm-project/vllm/issues/36116,open,bug,,2026-03-05T07:45:43Z,2026-04-30T19:36:04Z,2026-05-23T16:02:20+00:00,,,unlinked,,,,,new,,
openai_server,36440,[Feature] Add energy consumption metrics to benchmark suite,https://github.com/vllm-project/vllm/issues/36440,open,,,2026-03-09T03:40:56Z,2026-03-09T03:40:56Z,2026-05-23T16:02:20+00:00,,,unlinked,,,,,new,,
openai_server,37204,[RFC]: Create separation between independent HTTP API definitions,https://github.com/vllm-project/vllm/issues/37204,open,RFC,,2026-03-16T15:59:46Z,2026-03-19T09:10:42Z,2026-05-23T16:02:20+00:00,,,unlinked,,,,,new,,
openai_server,38488,[Bug]: `reasoning_content` silently dropped on incoming assistant messages,https://github.com/vllm-project/vllm/issues/38488,open,,,2026-03-29T23:18:07Z,2026-05-14T17:59:17Z,2026-05-23T16:02:20+00:00,,,unlinked,,,,,new,,
openai_server,38839,fix(metrics): Prometheus counter crash on negative prompt tokens with external KV transfer,https://github.com/vllm-project/vllm/issues/38839,open,,,2026-04-02T19:26:26Z,2026-04-02T19:26:26Z,2026-05-23T16:02:20+00:00,,,unlinked,,,,,new,,
openai_server,39985,[Bug]: Qwen3.5-122B-A10B Engine hangs at Prefill phase under high concurrency (40 reqs) with multi-node PP=2 on dual 4090D nodes,https://github.com/vllm-project/vllm/issues/39985,open,bug,,2026-04-16T07:57:02Z,2026-04-17T08:40:31Z,2026-05-23T16:02:20+00:00,,,unlinked,,,,,new,,
openai_server,40076,[Feature]: Per-request timing metrics in response body,https://github.com/vllm-project/vllm/issues/40076,open,feature request,,2026-04-16T22:45:41Z,2026-05-04T22:13:29Z,2026-05-23T16:02:20+00:00,,,unlinked,,,,,new,,
openai_server,40605,[Usage]: Missing vllm:num_requests_running and other metrics in vLLM v0.18 when deploying Qwen3.5 27B,https://github.com/vllm-project/vllm/issues/40605,open,usage,,2026-04-22T09:57:14Z,2026-04-22T09:57:14Z,2026-05-23T16:02:20+00:00,,,unlinked,,,,,new,,
openai_server,41031,[Bug]: AssertionError in sampler.py:383,https://github.com/vllm-project/vllm/issues/41031,open,bug,,2026-04-27T16:55:31Z,2026-04-27T16:56:04Z,2026-05-23T16:02:20+00:00,,,unlinked,,,,,new,,
openai_server,41182,"[Bug]: When using streaming tool calls in kimi-k2.5, only the content before the tool call can be obtained",https://github.com/vllm-project/vllm/issues/41182,open,bug,,2026-04-29T01:46:52Z,2026-04-29T20:07:17Z,2026-05-23T16:02:20+00:00,,,unlinked,,,,,new,,
openai_server,41306,[Bug]: v0.20 latency and throughput regression on MoE models,https://github.com/vllm-project/vllm/issues/41306,open,bug,,2026-04-30T00:48:09Z,2026-05-19T13:47:50Z,2026-05-23T16:02:20+00:00,,,unlinked,,,,,new,,
openai_server,42475,[Doc]: Integration Issue: Qwen3.6-27B-FP8 with Codex via vLLM Server,https://github.com/vllm-project/vllm/issues/42475,open,documentation,,2026-05-13T02:16:08Z,2026-05-19T07:37:27Z,2026-05-23T16:02:20+00:00,,,unlinked,,,,,new,,
openai_server,42583,Qwen3.5 + --enable-lora + TP=4 fails at startup in custom_all_reduce.cuh,https://github.com/vllm-project/vllm/issues/42583,open,,,2026-05-14T01:32:49Z,2026-05-14T07:30:59Z,2026-05-23T16:02:20+00:00,,,unlinked,,,,,new,,
openai_server,42729,[RFC]: Derender Endpoints to Provide Detokenization for Disaggregated Serving,https://github.com/vllm-project/vllm/issues/42729,open,RFC,,2026-05-15T10:17:15Z,2026-05-17T16:18:14Z,2026-05-23T16:02:20+00:00,,,unlinked,,,,,new,,
openai_server,43031,[Bug]:  Streaming response killed by ValueError from Prometheus Counter due to negative LMCache stats,https://github.com/vllm-project/vllm/issues/43031,open,bug,,2026-05-19T01:50:09Z,2026-05-19T04:16:20Z,2026-05-23T16:02:20+00:00,,,unlinked,,,,,new,,
openai_server,43480,[Bug]: vllm-openai nightly Docker image fails to start due to missing pytest imported via humming/cupy,https://github.com/vllm-project/vllm/issues/43480,open,bug,,2026-05-23T12:58:20Z,2026-05-23T13:02:35Z,2026-05-23T16:02:20+00:00,,,unlinked,,,,,new,,
scheduler_batching,8779,vLLM's V1 Engine Architecture,https://github.com/vllm-project/vllm/issues/8779,open,"RFC, keep-open",,2024-09-24T18:25:22Z,2025-07-09T02:50:56Z,2026-05-23T16:02:20+00:00,,,unlinked,,,,,new,,
scheduler_batching,18037,"[RFC]: Enabling Suffix Decoding, LSTM Speculator, Sequence Parallelism from Arctic Inference",https://github.com/vllm-project/vllm/issues/18037,open,"RFC, speculative-decoding, keep-open",,2025-05-13T01:25:02Z,2025-10-07T08:25:54Z,2026-05-23T16:02:20+00:00,,,unlinked,,,,,new,,
scheduler_batching,19197,[Bug]: 模型运行期间，报错TimeoutError: RPC call to execute_model timed out.，导致模型退出。,https://github.com/vllm-project/vllm/issues/19197,open,bug,,2025-06-05T09:19:47Z,2026-02-26T08:05:20Z,2026-05-23T16:02:20+00:00,,,unlinked,,,,,new,,
scheduler_batching,21674,[Feature]: max-num-partial-prefills in V1,https://github.com/vllm-project/vllm/issues/21674,open,"feature request, unstale",,2025-07-27T13:51:43Z,2026-04-13T21:13:51Z,2026-05-23T16:02:20+00:00,,,unlinked,,,,,new,,
scheduler_batching,24728,[Performance]: Multi-Modal Benchmark on NVIDIA A100 – Qwen2.5-VL / MiniCPM-V-4 / InternVL3_5-4B / InternVL3_5-2B,https://github.com/vllm-project/vllm/issues/24728,open,"performance, keep-open",,2025-09-12T06:15:52Z,2026-04-16T02:37:51Z,2026-05-23T16:02:20+00:00,,,unlinked,,,,,new,,
scheduler_batching,32856,[Usage]: How to use VLLM to infer the MXFP4A16 model exported by LLM Compressor,https://github.com/vllm-project/vllm/issues/32856,open,"usage, unstale",,2026-01-22T13:05:03Z,2026-04-25T02:15:25Z,2026-05-23T16:02:20+00:00,,,unlinked,,,,,new,,
scheduler_batching,34698,[Feature]: Atomic Rewind & Correct (ARC) via KV-Cache Rollback for Logical Grounding,https://github.com/vllm-project/vllm/issues/34698,open,feature request,,2026-02-17T13:10:46Z,2026-05-06T14:09:51Z,2026-05-23T16:02:20+00:00,,,unlinked,,,,,new,,
scheduler_batching,35048,[Bug]: perf degradation between vllm 0.14.0 to 0.15.1,https://github.com/vllm-project/vllm/issues/35048,open,bug,,2026-02-22T06:10:01Z,2026-03-22T09:50:18Z,2026-05-23T16:02:20+00:00,,,unlinked,,,,,new,,
scheduler_batching,35863,[Bug]: Voxtral-Realtime stops returning transcribed text starting from the 3rd concurrent session,https://github.com/vllm-project/vllm/issues/35863,open,bug,,2026-03-03T13:03:20Z,2026-03-03T13:31:29Z,2026-05-23T16:02:20+00:00,,,unlinked,,,,,new,,
scheduler_batching,36998,[RFC]: Observation Plugin for Intercepting & Routing on Activations,https://github.com/vllm-project/vllm/issues/36998,open,RFC,,2026-03-13T18:33:43Z,2026-05-19T20:24:42Z,2026-05-23T16:02:20+00:00,,,linked_partial,,,,,new,,
scheduler_batching,37308,[Bug]: Severe Head-of-Line Blocking (147x TTFT) under Prefix Caching with Asymmetric Batches,https://github.com/vllm-project/vllm/issues/37308,open,bug,,2026-03-17T14:54:02Z,2026-03-24T10:46:10Z,2026-05-23T16:02:20+00:00,,,unlinked,,,,,new,,
scheduler_batching,37602,[Bug]: Qwen3.5-122B-A10B-FP8 EngineCore crash on concurrent image requests,https://github.com/vllm-project/vllm/issues/37602,open,,,2026-03-19T21:01:45Z,2026-04-07T18:24:57Z,2026-05-23T16:02:20+00:00,,,unlinked,,,,,new,,
scheduler_batching,37754,[Bug] FlashInfer + MTP speculative decoding crashes on SM121 (DGX Spark) with GQA=16 model,https://github.com/vllm-project/vllm/issues/37754,open,,,2026-03-21T17:44:13Z,2026-05-07T04:42:27Z,2026-05-23T16:02:20+00:00,,,unlinked,,,,,new,,
scheduler_batching,37842,_update_request_as_session does not update max_tokens from StreamingUpdate,https://github.com/vllm-project/vllm/issues/37842,open,,,2026-03-23T03:31:28Z,2026-03-23T17:29:28Z,2026-05-23T16:02:20+00:00,,,unlinked,,,,,new,,
scheduler_batching,38003,[RFC]: Integrate MineDraft speculative decoding into vLLM,https://github.com/vllm-project/vllm/issues/38003,open,RFC,,2026-03-24T12:13:36Z,2026-03-24T12:13:36Z,2026-05-23T16:02:20+00:00,,,unlinked,,,,,new,,
scheduler_batching,38235,[Feature]: Quantization support (AWQ / GPTQ / FP8) for mistralai/Voxtral-Mini-4B-Realtime-2602,https://github.com/vllm-project/vllm/issues/38235,open,feature request,,2026-03-26T12:56:34Z,2026-03-26T16:32:03Z,2026-05-23T16:02:20+00:00,,,unlinked,,,,,new,,
scheduler_batching,39060,[Feature]: Speculative Prefill — Draft-Assisted Sparse Prefill for TTFT Reduction,https://github.com/vllm-project/vllm/issues/39060,open,feature request,,2026-04-06T06:11:41Z,2026-05-13T04:08:20Z,2026-05-23T16:02:20+00:00,,,unlinked,,,,,new,,
scheduler_batching,39076,[RFC]: Entropy-Gated Online KV Block Expiration During Active Decode,https://github.com/vllm-project/vllm/issues/39076,open,RFC,,2026-04-06T13:52:23Z,2026-04-06T13:52:23Z,2026-05-23T16:02:20+00:00,,,unlinked,,,,,new,,
scheduler_batching,39737,[Bug]: max-num-partial-prefills failes on V1 engine start,https://github.com/vllm-project/vllm/issues/39737,open,bug,,2026-04-13T21:21:00Z,2026-04-13T21:32:36Z,2026-05-23T16:02:20+00:00,,,unlinked,,,,,new,,
scheduler_batching,40002,[Bug]: Inconsistent KV Cache reporting and system hang on long context requests (Gemma-4 26B AWQ Int4),https://github.com/vllm-project/vllm/issues/40002,open,bug,,2026-04-16T10:45:32Z,2026-04-29T17:46:43Z,2026-05-23T16:02:20+00:00,,,unlinked,,,,,new,,
scheduler_batching,40094,[Bug]: Turbo Quant keep failing TRITON_ATTN 'kv_cache_dtype not supported',https://github.com/vllm-project/vllm/issues/40094,open,bug,,2026-04-17T04:16:04Z,2026-05-04T20:56:14Z,2026-05-23T16:02:20+00:00,,,unlinked,,,,,new,,
scheduler_batching,40429,[RFC]: Expose per-parameter sharding as DTensor metadata,https://github.com/vllm-project/vllm/issues/40429,open,,,2026-04-21T03:52:15Z,2026-04-21T05:54:23Z,2026-05-23T16:02:20+00:00,,,unlinked,,,,,new,,
scheduler_batching,40807,[Bug]: TurboQuant KV + spec-decode + chunked-prefill crashes CUDA graph capture at query_start_loc.tolist() in continuation-prefill path (Qwen3-Next hybrid dense),https://github.com/vllm-project/vllm/issues/40807,open,bug,,2026-04-24T13:24:45Z,2026-05-06T05:36:42Z,2026-05-23T16:02:20+00:00,,,unlinked,,,,,new,,
scheduler_batching,41565,[Bug]: TurboQuant _continuation_prefill workspace allocation fails at long context — v0.20.0 regression,https://github.com/vllm-project/vllm/issues/41565,open,,,2026-05-03T17:22:27Z,2026-05-10T08:47:21Z,2026-05-23T16:02:20+00:00,,,unlinked,,,,,new,,
scheduler_batching,41726,[Bug]: Latest Nightly build with TurboQuant KV cache crashes on large chunked continuation prefill after workspace lock ( testing PR #39931 implementing TQ on Hybrid Attention Models e.g Qwen3.5-9B),https://github.com/vllm-project/vllm/issues/41726,open,bug,,2026-05-05T11:24:15Z,2026-05-17T21:49:25Z,2026-05-23T16:02:20+00:00,,,unlinked,,,,,new,,
scheduler_batching,41821,[RFC]: Adaptive throughput/latency profile for RL rollout long-tail,https://github.com/vllm-project/vllm/issues/41821,open,,,2026-05-06T13:21:35Z,2026-05-06T13:46:19Z,2026-05-23T16:02:20+00:00,,,unlinked,,,,,new,,
scheduler_batching,41927,"[Performance]:   Inspired by nano-vllm, as vLLM-Omni is also complex, I tried building a nano-vLLM-Omni (~1k LOC)",https://github.com/vllm-project/vllm/issues/41927,open,performance,,2026-05-07T09:19:43Z,2026-05-07T09:20:06Z,2026-05-23T16:02:20+00:00,,,unlinked,,,,,new,,
scheduler_batching,42185,[RFC]: Cache-affinity-aware request ordering for the V1 scheduler,https://github.com/vllm-project/vllm/issues/42185,open,,,2026-05-09T21:43:28Z,2026-05-16T19:49:45Z,2026-05-23T16:02:20+00:00,,,unlinked,,,,,new,,
scheduler_batching,42271,[Bug]: MTP + FULL_AND_PIECEWISE cudagraph deadlocks at HT batched-decode when bonus-token-only forward shape is scheduled,https://github.com/vllm-project/vllm/issues/42271,open,,,2026-05-11T03:54:35Z,2026-05-11T03:54:35Z,2026-05-23T16:02:20+00:00,,,unlinked,,,,,new,,
scheduler_batching,42360,[Usage]: vllm v1 not use `--no-enable-chunked-prefill` to disable chunked prefill.,https://github.com/vllm-project/vllm/issues/42360,open,usage,,2026-05-12T01:30:22Z,2026-05-19T06:50:08Z,2026-05-23T16:02:20+00:00,,,unlinked,,,,,new,,
scheduler_batching,42372,"KVConnector V1 external hit lookup is consumed as a reservation, but has no plan/abort lifecycle",https://github.com/vllm-project/vllm/issues/42372,open,,,2026-05-12T03:43:49Z,2026-05-18T12:28:10Z,2026-05-23T16:02:20+00:00,,,unlinked,,,,,new,,
scheduler_batching,43226,[Bug]: EngineCore crash — assert req_id in self.requests in _update_from_kv_xfer_finished when an async KV connector reports a finished transfer for an aborted/freed request,https://github.com/vllm-project/vllm/issues/43226,open,,,2026-05-20T15:20:14Z,2026-05-20T16:21:04Z,2026-05-23T16:02:20+00:00,,,unlinked,,,,,new,,
scheduler_batching,43309,[Doc]: Fix misleading MLA attention docstring examples,https://github.com/vllm-project/vllm/issues/43309,open,,,2026-05-21T11:23:22Z,2026-05-21T11:39:20Z,2026-05-23T16:02:20+00:00,,,unlinked,,,,,new,,
scheduler_batching,43357,"[Bug]: TurboQuant workspace locked at 3.06 MB — continuation_prefill requires 12 MB on any prompt >4096 tokens (Qwen3.6-27B NVFP4 hybrid, Blackwell SM120)",https://github.com/vllm-project/vllm/issues/43357,open,bug,,2026-05-21T20:23:18Z,2026-05-22T06:14:25Z,2026-05-23T16:02:20+00:00,,,unlinked,,,,,new,,
scheduler_batching,43382,[Bug]: Qwen3.5 397B model occurs assertion error during allocating new blocks,https://github.com/vllm-project/vllm/issues/43382,open,bug,,2026-05-22T02:36:34Z,2026-05-22T04:16:43Z,2026-05-23T16:02:20+00:00,,,unlinked,,,,,new,,
speculative_decoding,27691,[RFC]: Tracking Spec Decode Support,https://github.com/vllm-project/vllm/issues/27691,open,"RFC, speculative-decoding",,2025-10-28T21:34:28Z,2026-03-17T03:59:05Z,2026-05-23T16:02:20+00:00,,,unlinked,,,,,new,,
speculative_decoding,28762,[Installation]: getting vLLM installed with a free-threaded Python interpreter (3.14t),https://github.com/vllm-project/vllm/issues/28762,open,installation,,2025-11-14T23:09:39Z,2026-04-10T19:03:34Z,2026-05-23T16:02:20+00:00,,,unlinked,,,,,new,,
speculative_decoding,34797,[CI Failure]: v1/e2e/test_spec_decode.py::test_eagle_correctness,https://github.com/vllm-project/vllm/issues/34797,open,ci-failure,,2026-02-18T12:18:49Z,2026-03-13T07:43:39Z,2026-05-23T16:02:20+00:00,,,unlinked,,,,,new,,
speculative_decoding,35091,[Bug]: Triton CompilationError in speculative decoding (draft_model),https://github.com/vllm-project/vllm/issues/35091,open,bug,,2026-02-23T10:35:12Z,2026-02-25T02:47:36Z,2026-05-23T16:02:20+00:00,,,unlinked,,,,,new,,
speculative_decoding,35288,[Bug]: MTP speculative decoding produces corrupted output at concurrency >= 4 (V1 engine),https://github.com/vllm-project/vllm/issues/35288,open,bug,,2026-02-25T11:52:46Z,2026-05-12T11:41:00Z,2026-05-23T16:02:20+00:00,,,unlinked,,,,,new,,
speculative_decoding,36037,[Feature]: Supports Speculative Speculative Decoding,https://github.com/vllm-project/vllm/issues/36037,open,feature request,,2026-03-04T19:27:36Z,2026-04-17T14:58:12Z,2026-05-23T16:02:20+00:00,,,unlinked,,,,,new,,
speculative_decoding,37150,[Bug]: the acceptance rate of ngram+async-scheduling is only 1.22%,https://github.com/vllm-project/vllm/issues/37150,open,bug,,2026-03-16T07:28:52Z,2026-03-16T12:38:54Z,2026-05-23T16:02:20+00:00,,,unlinked,,,,,new,,
speculative_decoding,37396,[Feature]: Tree speculative decode.,https://github.com/vllm-project/vllm/issues/37396,open,feature request,,2026-03-18T08:15:51Z,2026-04-07T07:47:25Z,2026-05-23T16:02:20+00:00,,,unlinked,,,,,new,,
speculative_decoding,37966,[Bug]: spec decoding nonparallel 路径 draft/target hidden size 不兼容，建议适配不同hidden size,https://github.com/vllm-project/vllm/issues/37966,open,bug,,2026-03-24T06:00:07Z,2026-03-24T06:00:07Z,2026-05-23T16:02:20+00:00,,,unlinked,,,,,new,,
speculative_decoding,38196,GDN attention backend crashes with ngram speculative decoding on mixed decode batches,https://github.com/vllm-project/vllm/issues/38196,open,,,2026-03-26T06:41:06Z,2026-03-29T11:14:33Z,2026-05-23T16:02:20+00:00,,,unlinked,,,,,new,,
speculative_decoding,38898,[Feature]: Mamba `DS` conv state layout | Support speculative decoding with `mamba_cache_mode=align`,https://github.com/vllm-project/vllm/issues/38898,open,feature request,,2026-04-03T09:01:58Z,2026-04-27T14:47:03Z,2026-05-23T16:02:20+00:00,,,unlinked,,,,,new,,
speculative_decoding,39680,[Performance]: Qwen3.5 with mtp is slower than without,https://github.com/vllm-project/vllm/issues/39680,open,performance,,2026-04-13T07:52:13Z,2026-05-12T16:46:34Z,2026-05-23T16:02:20+00:00,,,unlinked,,,,,new,,
speculative_decoding,39839,[Bug]:  MTP DeepSeek and Eagle Flash Attention Failures in Spec Decode Unit Tests,https://github.com/vllm-project/vllm/issues/39839,open,bug,,2026-04-14T22:27:35Z,2026-04-14T22:27:35Z,2026-05-23T16:02:20+00:00,,,unlinked,,,,,new,,
speculative_decoding,40875,[Bug]: ngram speculative decoding default prompt_lookup_min=2 causes tool-call output corruption on Qwen3-class models with structured output (config-only fix: prompt_lookup_min=8),https://github.com/vllm-project/vllm/issues/40875,open,,,2026-04-25T14:26:52Z,2026-04-25T14:26:52Z,2026-05-23T16:02:20+00:00,,,unlinked,,,,,new,,
speculative_decoding,41190,[Bug]: TP=2 spec-decode (qwen3_next_mtp / DFlash) on Qwen3.6 hybrid GDN crashes at gpu_model_runner.py:1927 num_accepted_tokens_event.synchronize() (cudaErrorIllegalAddress),https://github.com/vllm-project/vllm/issues/41190,open,,,2026-04-29T04:02:15Z,2026-05-10T15:49:22Z,2026-05-23T16:02:20+00:00,,,unlinked,,,,,new,,
speculative_decoding,41530,"[Bug]:  TP Worker hang causes EngineDeadError - RPC call to sample_tokens timed out (DeepSeek-V4-Pro, TP=8, MTP    speculative decoding)",https://github.com/vllm-project/vllm/issues/41530,open,bug,,2026-05-03T04:04:12Z,2026-05-15T21:36:46Z,2026-05-23T16:02:20+00:00,,,unlinked,,,,,new,,
speculative_decoding,41823,[Feature]: Support Dynamic Pruning for Speculative Decoding Draft Trees in EAGLE-3,https://github.com/vllm-project/vllm/issues/41823,open,feature request,,2026-05-06T13:25:31Z,2026-05-06T13:25:31Z,2026-05-23T16:02:20+00:00,,,unlinked,,,,,new,,
speculative_decoding,42109,[RFC]: Disaggregated Speculative Decoding with Standalone Parallel Draft Model,https://github.com/vllm-project/vllm/issues/42109,open,RFC,,2026-05-08T19:31:41Z,2026-05-12T13:55:58Z,2026-05-23T16:02:20+00:00,,,unlinked,,,,,new,,
speculative_decoding,42508,[Performance]: Inconsistent speculative decoding acceptance metrics between vLLM and SpecForge on Qwen3-32B baselines,https://github.com/vllm-project/vllm/issues/42508,open,performance,,2026-05-13T08:50:11Z,2026-05-13T08:50:11Z,2026-05-23T16:02:20+00:00,,,unlinked,,,,,new,,
speculative_decoding,42803,"[Bug] MiMoV2 load_weights: fused qkv_proj path uses naive chunk(tp,dim=0)[rank], misplaces Q values into K/V slots",https://github.com/vllm-project/vllm/issues/42803,open,,,2026-05-16T02:38:20Z,2026-05-22T03:19:14Z,2026-05-23T16:02:20+00:00,,,unlinked,,,,,new,,
speculative_decoding,42808,[Bug]: 这次崩溃的直接原因是 TurboQuant 注意力后端与 MTP 推测解码在 vLLM 0.21.0 版本中的兼容性问题，具体表现为工作区（workspace）预留不足，导致引擎在处理第一个请求时触发断言错误,https://github.com/vllm-project/vllm/issues/42808,open,bug,,2026-05-16T03:15:08Z,2026-05-20T02:15:27Z,2026-05-23T16:02:20+00:00,,,unlinked,,,,,new,,
speculative_decoding,43472,DSV4-Pro MTP draft: stacked attn FP8 scale loader gap + MTP forward-path mainline-vs-fork divergence,https://github.com/vllm-project/vllm/issues/43472,open,,,2026-05-23T07:33:59Z,2026-05-23T16:12:31Z,2026-05-23T16:02:20+00:00,,,unlinked,,,,,new,,
structured_output_tooling,-3271304,[Subissue #32713.4] deprecate reasoning_parser / tool_calling parser flags in favor of Parser being defined by the model that is served.,https://github.com/vllm-project/vllm/issues/32713,open,"rfc-subissue, parser, harmony",,2026-01-20T19:00:20Z,2026-03-24T21:32:46Z,2026-05-23T16:02:20+00:00,,,unlinked,,parser/harmony unification,high,medium,triage,,Broad deprecation task; defer until Parser class owns more model-specific parsing paths
structured_output_tooling,-3271303,[Subissue #32713.3] move GPT-OSS Harmony to the Parser class to reduce code forkage,https://github.com/vllm-project/vllm/issues/32713,open,"rfc-subissue, parser, harmony",,2026-01-20T19:00:20Z,2026-03-24T21:32:46Z,2026-05-23T16:02:20+00:00,,,unlinked,,parser/harmony unification,high,medium,triage,,Best scoped parser RFC opportunity: map GPT-OSS Harmony-specific paths to Parser class after #32712
structured_output_tooling,-3271302,[Subissue #32713.2] support models that can output parallel tool calls and interleaved reasoning,https://github.com/vllm-project/vllm/issues/32713,open,"rfc-subissue, parser, harmony",,2026-01-20T19:00:20Z,2026-03-24T21:32:46Z,2026-05-23T16:02:20+00:00,,,unlinked,,parser/harmony unification,high,medium,triage,,Broad capability task; inventory parser assumptions for parallel tool calls and interleaved reasoning
structured_output_tooling,-3271301,"[Subissue #32713.1] use parser class in other entrypoints (chat completions, etc)",https://github.com/vllm-project/vllm/issues/32713,open,"rfc-subissue, parser, harmony",,2026-01-20T19:00:20Z,2026-03-24T21:32:46Z,2026-05-23T16:02:20+00:00,,,unlinked,,parser/harmony unification,high,medium,triage,,Broad architecture task; first inspect #32712 and current chat-completions parser entrypoints
structured_output_tooling,6486,[Bug]: No module named `jsonschema.protocols`. ,https://github.com/vllm-project/vllm/issues/6486,open,"bug, unstale",,2024-07-16T23:06:32Z,2026-04-01T02:18:13Z,2026-05-23T16:02:20+00:00,,,unlinked,,,,,new,,
structured_output_tooling,26239,[Feature]: support reasoning-parser for Qwen3-VL,https://github.com/vllm-project/vllm/issues/26239,open,"feature request, unstale",,2025-10-05T03:17:07Z,2026-02-22T18:18:31Z,2026-05-23T16:02:20+00:00,,,unlinked,,,,,new,,
structured_output_tooling,27263,[Responses API] Support tool calling and ouput token streaming,https://github.com/vllm-project/vllm/issues/27263,open,unstale,,2025-10-21T12:36:44Z,2026-04-14T20:04:35Z,2026-05-23T16:02:20+00:00,,,unlinked,,,,,new,,
structured_output_tooling,27661,"[RFC]: Consolidated tool call parser implementations by type (JSON, Python, XML, Harmony)",https://github.com/vllm-project/vllm/issues/27661,open,"RFC, unstale",,2025-10-28T14:54:10Z,2026-04-01T14:34:34Z,2026-05-23T16:02:20+00:00,,,unlinked,,,,,new,,
structured_output_tooling,30493,[Bug]: 5090 RTX seems to be broken,https://github.com/vllm-project/vllm/issues/30493,open,bug,,2025-12-11T15:56:47Z,2026-03-05T03:09:21Z,2026-05-23T16:02:20+00:00,,,unlinked,,,,,new,,
structured_output_tooling,32713,"[RFC]: Unified Parser for reasoning, tool calling",https://github.com/vllm-project/vllm/issues/32713,open,RFC,,2026-01-20T19:00:20Z,2026-03-24T21:32:46Z,2026-05-23T16:02:20+00:00,,,linked_partial,,parser/harmony unification,high,medium,triage,,Review parser RFC TODO slices and pick a bounded entrypoint
structured_output_tooling,34295,[Bug]:,https://github.com/vllm-project/vllm/issues/34295,open,bug,,2026-02-11T00:49:24Z,2026-03-02T10:21:02Z,2026-05-23T16:02:20+00:00,,,unlinked,,,,,new,,
structured_output_tooling,35800,[Bug]: Enabling speculative coding causes malformed Tool Calls in Qwen 122B MXFP4,https://github.com/vllm-project/vllm/issues/35800,open,bug,,2026-03-02T20:56:26Z,2026-05-16T02:23:49Z,2026-05-23T16:02:20+00:00,,,unlinked,,,,,new,,
structured_output_tooling,37342,[Installation]: PyPI release blocks installation on enterprise systems: xgrammar==0.1.29 blocked by security scanners (CVE-2026-25048),https://github.com/vllm-project/vllm/issues/37342,open,installation,,2026-03-17T20:36:58Z,2026-03-17T20:36:58Z,2026-05-23T16:02:20+00:00,,,unlinked,,,,,new,,
structured_output_tooling,37344,Pooling API: expose extra_kwargs and allow nested response data for custom poolers,https://github.com/vllm-project/vllm/issues/37344,open,,,2026-03-17T21:05:15Z,2026-03-18T06:31:38Z,2026-05-23T16:02:20+00:00,,,unlinked,,,,,triage,,
structured_output_tooling,37558,“vLLM-deployed Qwen3.5 with Reasoning Parser Shows Empty reasoningContent in Spring AI OpenAI Model”,https://github.com/vllm-project/vllm/issues/37558,open,bug,,2026-03-19T11:51:59Z,2026-03-23T07:57:27Z,2026-05-23T16:02:20+00:00,,,unlinked,,,,,new,,
structured_output_tooling,38696,[Bug]: qwen3.5 when enable response_format json_schema outputs garbled spaces,https://github.com/vllm-project/vllm/issues/38696,open,bug,,2026-04-01T06:04:16Z,2026-04-14T02:56:59Z,2026-05-23T16:02:20+00:00,,,unlinked,,,,,new,,
structured_output_tooling,39867,"[Bug]: When function_call is used in the request and tool_choice is set to required,the system performs schema formatting in advance before the request is sent to the model for inference.",https://github.com/vllm-project/vllm/issues/39867,open,bug,,2026-04-15T03:52:32Z,2026-04-16T06:55:09Z,2026-05-23T16:02:20+00:00,,,unlinked,,,,,new,,
structured_output_tooling,41108,[Bug]: GLM-5.1-NVFP4 RuntimeError: The size of tensor a (3072) must match the size of tensor b (6144) at non-singleton dimension 1,https://github.com/vllm-project/vllm/issues/41108,open,bug,,2026-04-28T07:16:27Z,2026-04-29T07:34:53Z,2026-05-23T16:02:20+00:00,,,unlinked,,,,,new,,
structured_output_tooling,41739,[Bug]: Kimi 2.6 + Kimi K2 tool parser passes malformed JSON in tool-call arguments to client without validation,https://github.com/vllm-project/vllm/issues/41739,open,bug,,2026-05-05T14:00:13Z,2026-05-20T15:52:31Z,2026-05-23T16:02:20+00:00,,,unlinked,,,,,new,,
structured_output_tooling,42021,[Bug]:Qwen3.5 with reasoning-parser returns non-standard tool call format when enable_thinking=true,https://github.com/vllm-project/vllm/issues/42021,open,bug,,2026-05-08T03:59:35Z,2026-05-08T08:42:46Z,2026-05-23T16:02:20+00:00,,,unlinked,,,,,new,,
structured_output_tooling,43116,[Bug]: Granite 3.3 / 4.0 H-Small Python-style tool calls not converted to OpenAI tool_calls format,https://github.com/vllm-project/vllm/issues/43116,open,,,2026-05-19T16:13:02Z,2026-05-20T02:39:16Z,2026-05-23T16:02:20+00:00,,,unlinked,,,,,new,,
structured_output_tooling,43221,[Bug]: Streaming reasoning tokens truncated when `</think>` and `<tool_call>` appear in the same delta,https://github.com/vllm-project/vllm/issues/43221,open,bug,,2026-05-20T14:47:15Z,2026-05-21T01:55:41Z,2026-05-23T16:02:20+00:00,,,unlinked,,,,,new,,
structured_output_tooling,43388,[Bug]: `json_object` structured output is not enforced after Qwen thinking because reasoning end token is missed with async scheduling + spec decode,https://github.com/vllm-project/vllm/issues/43388,open,bug,,2026-05-22T03:51:55Z,2026-05-22T07:33:05Z,2026-05-23T16:02:20+00:00,,,unlinked,,,,,new,,
structured_output_tooling,43436,[Bug]: Qwen parsers broken all around with MTP and/or stream-interval > 1,https://github.com/vllm-project/vllm/issues/43436,open,bug,,2026-05-22T15:04:22Z,2026-05-22T22:15:43Z,2026-05-23T16:02:20+00:00,,,unlinked,,,,,new,,
tokenization_chat_templates,17887,[Feature]: Add Support for thinking_budget for Qwen3 Models,https://github.com/vllm-project/vllm/issues/17887,open,feature request,,2025-05-09T07:04:03Z,2026-03-23T12:39:16Z,2026-05-23T16:02:20+00:00,,,unlinked,,,,,triage,,
tokenization_chat_templates,34099,[Usage]: VLLM with finetuned unsloth ministral 3,https://github.com/vllm-project/vllm/issues/34099,open,usage,,2026-02-08T18:38:26Z,2026-04-02T13:52:39Z,2026-05-23T16:02:20+00:00,,,unlinked,,,,,triage,,
tokenization_chat_templates,35718,[Bug]: Garbled / gibberish output after serving Kimi-K2.5 with vLLM on 8×H200 (INT4) for some time,https://github.com/vllm-project/vllm/issues/35718,open,bug,,2026-03-02T07:37:48Z,2026-03-06T18:37:23Z,2026-05-23T16:02:20+00:00,,,unlinked,,,,,new,,
tokenization_chat_templates,36432,[Bug]: ValueError: No user query found in messages QWEN 3.5 27B VLLM 0.16.0 NIGHTLY,https://github.com/vllm-project/vllm/issues/36432,open,bug,,2026-03-09T02:54:49Z,2026-03-25T03:16:49Z,2026-05-23T16:02:20+00:00,,,unlinked,,,,,new,,
tokenization_chat_templates,37185,"[Bug]: The 2-bit model repeatedly outputs !!!!, while Transformers works correctly.",https://github.com/vllm-project/vllm/issues/37185,open,bug,,2026-03-16T11:29:22Z,2026-03-16T11:35:37Z,2026-05-23T16:02:20+00:00,,,unlinked,,,,,new,,
tokenization_chat_templates,37839,[Feature Request] Support chat_template in tokenizer_config.json for DeepSeekV32,https://github.com/vllm-project/vllm/issues/37839,open,,,2026-03-23T03:10:12Z,2026-03-23T08:38:56Z,2026-05-23T16:02:20+00:00,,,unlinked,,,,,new,,
tokenization_chat_templates,37967,[Bug]: TypeError: transformers.tokenization_utils_tokenizers.TokenizersBackend._patch_mistral_regex() got multiple values for keyword argument 'fix_mistral_regex',https://github.com/vllm-project/vllm/issues/37967,open,bug,,2026-03-24T06:16:56Z,2026-03-24T08:40:57Z,2026-05-23T16:02:20+00:00,,,unlinked,,,,,new,,
tokenization_chat_templates,38233,[Bug]: Voxtral-Mini-4B-Realtime hangs/crashes on multiple sessions due to encoder_cache_usage saturation on 16GB GPU,https://github.com/vllm-project/vllm/issues/38233,open,bug,,2026-03-26T12:28:29Z,2026-04-19T08:39:45Z,2026-05-23T16:02:20+00:00,,,unlinked,,,,,new,,
tokenization_chat_templates,38656,[Bug]: qwen 3.5 model launch get stuck for quite a long time,https://github.com/vllm-project/vllm/issues/38656,open,bug,,2026-03-31T20:58:37Z,2026-04-06T14:51:29Z,2026-05-23T16:02:20+00:00,,,unlinked,,,,,triage,,
tokenization_chat_templates,38820,[Usage]: port question,https://github.com/vllm-project/vllm/issues/38820,open,usage,,2026-04-02T15:37:52Z,2026-05-06T13:09:22Z,2026-05-23T16:02:20+00:00,,,unlinked,,,,,new,,
tokenization_chat_templates,39576,[Bug]: vLLM inference produces garbled output on long context for SFT'd Qwen3-14B (short context is normal),https://github.com/vllm-project/vllm/issues/39576,open,bug,,2026-04-11T15:25:59Z,2026-04-11T15:25:59Z,2026-05-23T16:02:20+00:00,,,unlinked,,,,,new,,
tokenization_chat_templates,39590,[Feature][Performance]: Kimi K2.5: 2.4x tokenization overhead from slow HF pipeline,https://github.com/vllm-project/vllm/issues/39590,open,feature request,,2026-04-11T22:25:57Z,2026-04-11T22:25:57Z,2026-05-23T16:02:20+00:00,,,unlinked,,,,,new,,
tokenization_chat_templates,39993,[Usage]: does vllm support Qwen3_5ForCausalLM architecture inference? not just Qwen3_5ForConditionalGeneration?,https://github.com/vllm-project/vllm/issues/39993,open,usage,,2026-04-16T09:22:13Z,2026-04-16T09:22:13Z,2026-05-23T16:02:20+00:00,,,unlinked,,,,,new,,
tokenization_chat_templates,41114,"[Bug]: Report ""System message must be at the beginning."" When using qwen3.6-27B",https://github.com/vllm-project/vllm/issues/41114,open,bug,,2026-04-28T09:22:22Z,2026-05-07T02:44:09Z,2026-05-23T16:02:20+00:00,,,unlinked,,,,,new,,
tokenization_chat_templates,42801,[Bug]: Significant accuracy discrepancies across different vLLM versions.,https://github.com/vllm-project/vllm/issues/42801,open,bug,,2026-05-16T01:56:20Z,2026-05-19T13:47:53Z,2026-05-23T16:02:20+00:00,,,unlinked,,,,,new,,
tokenization_chat_templates,43015,[RFC]: Add support for Cohere's /v2/chat HTTP API entry point,https://github.com/vllm-project/vllm/issues/43015,open,RFC,,2026-05-18T21:51:52Z,2026-05-22T15:48:41Z,2026-05-23T16:02:20+00:00,,,unlinked,,,,,new,,
tokenization_chat_templates,43446,[Doc]: VLLM_USE_FASTOKENS=1,https://github.com/vllm-project/vllm/issues/43446,open,documentation,,2026-05-22T18:46:31Z,2026-05-23T06:25:47Z,2026-05-23T16:02:20+00:00,,,unlinked,,,,,new,,
